[{"type":"wrapper","sort_order":"1","specific_class":"container border-top-black py-5 py-md-9 mt-5 mt-md-9","id_unique":"it_SDVRLWOAFKCY","child":[{"type":"row","sort_order":"1","specific_class":"","id_unique":"it_MGZLYKJUSDHD","child":[{"type":"col","sort_order":"1","specific_class":"order-xl-3 text-center","col":"col-12","col_xs":"col-12","col_sm":"col-sm-12","col_md":"col-md-12","col_lg":"","col_xl":"col-xl-4","col_xxl":"","id_unique":"it_AHJEIIXRXVFR","child":[{"type":"row","sort_order":"4","specific_class":"no-gutters px-xxl-6","id_unique":"it_DXBEUFTBPLOJ","child":[{"type":"col","sort_order":"1","specific_class":"","col":"col-12","col_xs":"col-12","col_sm":"col-sm-12","col_md":"","col_lg":"","col_xl":"","col_xxl":"","id_unique":"it_VSJLJIXXEBXB","child":[{"type":"block","sort_order":"1","specific_class":"","module_name":"logo","id_unique":"it_LXKLPCBKBHBK","child":false},{"type":"module","sort_order":"3","specific_class":"mt-4","module_name":"ps_socialfollow","id_unique":"it_XZFOSOSFRRMR","origin_hook":"displayFooter","extra_css":"","child":false},{"type":"module","sort_order":"2","specific_class":"mt-3 mt-md-5","module_name":"ps_emailsubscription","id_unique":"it_KBGOVSSOKZFV","origin_hook":"displayFooterBefore","extra_css":"","child":false}]}]}]},{"type":"col","sort_order":"2","specific_class":"order-xl-1 mt-5 mt-xl-0","col":"col-12","col_xs":"col-12","col_sm":"col-sm-12","col_md":"col-md-3","col_lg":"","col_xl":"col-xl-2","col_xxl":"","id_unique":"it_MFIPXHWVUDVJ","child":[{"type":"module","sort_order":"1","specific_class":"","module_name":"ps_linklist","id_unique":"it_JTXPUSZCMFPE","origin_hook":"displayFooter","extra_css":"","child":false}]},{"type":"col","sort_order":"3","specific_class":"order-xl-2 mt-md-5 mt-xl-0","col":"col-12","col_xs":"col-12","col_sm":"col-sm-12","col_md":"col-md-3","col_lg":"","col_xl":"col-xl-2","col_xxl":"","id_unique":"it_ZHNOQPOGZBGU","child":[{"type":"module","sort_order":"1","specific_class":"","module_name":"ps_customeraccountlinks","id_unique":"it_XEDFWQVDXQOV","origin_hook":"displayFooter","extra_css":"","child":false}]},{"type":"col","sort_order":"4","specific_class":"order-xl-4 mt-md-5 mt-xl-0","col":"col-12","col_xs":"col-12","col_sm":"col-sm-12","col_md":"col-md-3","col_lg":"","col_xl":"col-xl-2","col_xxl":"","id_unique":"it_QCKRHCVIPTPB","child":[{"type":"module","sort_order":"1","specific_class":"","module_name":"ps_categorytree","id_unique":"it_HVYVWMLLMIPV","origin_hook":"displayFooter","extra_css":"","child":false}]},{"type":"col","sort_order":"5","specific_class":"order-xl-5 mt-md-5 mt-xl-0","col":"col-12","col_xs":"col-12","col_sm":"col-sm-12","col_md":"col-md-3","col_lg":"","col_xl":"col-xl-2","col_xxl":"","id_unique":"it_IMPFWQBOXDUV","child":[{"type":"module","sort_order":"1","specific_class":"","module_name":"ps_contactinfo","id_unique":"it_ZMXEHJAAMBWN","origin_hook":"displayFooter","extra_css":"","child":false}]},{"type":"col","sort_order":"6","specific_class":"order-xl-6 mt-4 mt-md-5","col":"col-12","col_xs":"col-12","col_sm":"col-sm-12","col_md":"","col_lg":"","col_xl":"","col_xxl":"","id_unique":"it_WJLLWZGKNTDI","child":[{"type":"block","sort_order":"1","specific_class":"text-center","module_name":"copyright","id_unique":"it_COGGYVRYXEAG","child":false}]}]},{"type":"row","sort_order":"2","specific_class":"","id_unique":"it_HYWIUIJWSQVY","child":[{"type":"col","sort_order":"1","specific_class":"","col":"col-12","col_xs":"col-12","col_sm":"col-sm-12","col_md":"","col_lg":"","col_xl":"","col_xxl":"","id_unique":"it_ZEVKOXHCNZJY","child":[{"type":"module","sort_order":"1","specific_class":"d-none","module_name":"jxcompareproduct","id_unique":"it_DGLNRGEHTJAB","origin_hook":"displayFooter","extra_css":"","child":false},{"type":"module","sort_order":"2","specific_class":"","module_name":"jxnewsletter","id_unique":"it_LWVBHFLUUKED","origin_hook":"displayFooter","extra_css":"","child":false}]}]}]}]