[{"type":"wrapper","sort_order":"1","specific_class":"enableToTopButton container py-3 pb-md-2","id_unique":"it_PDIFQJCJBNZV","child":[{"type":"row","sort_order":"2","specific_class":"mt-3 mt-md-0","id_unique":"it_RQMVSJRVROPY","child":[{"type":"col","sort_order":"1","specific_class":"d-none d-md-flex align-items-center","col":"col-12","col_xs":"col-12","col_sm":"col-sm-12","col_md":"col-md-4","col_lg":"","col_xl":"col-xl-5","col_xxl":"","id_unique":"it_DGRUXUFYCYKP","child":[{"type":"content","sort_order":"1","specific_class":"linearicons-menu2 js-modal-sidebar1 position-left size-modal-sm settings-toggle mr-md-3 mr-xl-4","module_name":"html-1","id_unique":"it_QPBKTBBHIIWR","child":false},{"type":"row","sort_order":"2","specific_class":"no-gutters sidebar1 to-hide settings-wrapper","id_unique":"it_VVNQIYNJBLCG","child":[{"type":"col","sort_order":"1","specific_class":"desktop_for_settingsmenu","col":"col-12","col_xs":"col-12","col_sm":"col-sm-12","col_md":"","col_lg":"","col_xl":"","col_xxl":"","id_unique":"it_XMSDWPJMSHHM","child":[{"type":"module","sort_order":"2","specific_class":"lang-wrapper mr-2 mr-md-3","module_name":"ps_languageselector","id_unique":"it_XBKZNRCYWKRK","origin_hook":"displayNav","extra_css":"","child":false},{"type":"module","sort_order":"3","specific_class":"currency-wrapper","module_name":"ps_currencyselector","id_unique":"it_WHHBTDCKNPOU","origin_hook":"displayNav","extra_css":"","child":false},{"type":"module","sort_order":"4","specific_class":"mt-3","module_name":"jxwishlist","id_unique":"it_FFGQNHQMDUFW","origin_hook":"displayNav2","extra_css":"","child":false},{"type":"module","sort_order":"5","specific_class":"mt-1","module_name":"jxcompareproduct","id_unique":"it_KDNVKULDSZIS","origin_hook":"displayNav2","extra_css":"","child":false},{"type":"content","sort_order":"6","specific_class":"tablet_down_linklist d-xxl-none","module_name":"html-1","id_unique":"it_NXUYRWTCAMFW","child":false},{"type":"content","sort_order":"1","specific_class":"html-nav no-title tablet_down_htmlblock d-none d-md-block d-xxl-none mb-3 mb-xxl-0","module_name":"html-1","id_unique":"it_RUFVAQPKZVMG","child":false}]}]},{"type":"module","sort_order":"4","specific_class":"tablet_up_linklist d-none d-xxl-block","module_name":"ps_linklist","id_unique":"it_NWZPAULKQDGV","origin_hook":"displayNav","extra_css":"","child":false},{"type":"module","sort_order":"3","specific_class":"mr-xxl-4 desktop_for_search","module_name":"jxsearch","id_unique":"it_NDYBDRXHBISJ","origin_hook":"displayTop","extra_css":"","child":false}]},{"type":"col","sort_order":"3","specific_class":"d-flex justify-content-end offset-xl-2","col":"col-12","col_xs":"col-12","col_sm":"col-sm-12","col_md":"col-md-4","col_lg":"","col_xl":"col-xl-5","col_xxl":"","id_unique":"it_TAGXYGPMWDOC","child":[{"type":"module","sort_order":"2","specific_class":"mr-md-3 desktop_for_account","module_name":"jxheaderaccount","id_unique":"it_NVIIAQUCBYJS","origin_hook":"displayNav2","extra_css":"","child":false},{"type":"module","sort_order":"3","specific_class":"ml-xxl-1 desktop_for_cart","module_name":"ps_shoppingcart","id_unique":"it_BDRQCTTOPTNA","origin_hook":"displayTop","extra_css":"","child":false},{"type":"content","sort_order":"1","specific_class":"no-title mr-xxl-4 tablet_up_htmlblock d-none d-xxl-flex align-items-center","module_name":"html-2","id_unique":"it_NJRKXNEJYNVB","child":false}]},{"type":"col","sort_order":"2","specific_class":"d-block d-xl-none text-center","col":"col-12","col_xs":"col-12","col_sm":"col-sm-12","col_md":"col-md-4","col_lg":"","col_xl":"col-xl-2","col_xxl":"","id_unique":"it_MNUEYWKEJAXY","child":[{"type":"block","sort_order":"1","specific_class":"","module_name":"logo","id_unique":"it_RYHCJWLYOMTL","child":false}]}]},{"type":"row","sort_order":"1","specific_class":"d-md-none","id_unique":"it_CZMGYSGUKOMV","child":[{"type":"col","sort_order":"1","specific_class":"d-flex align-items-center justify-content-between","col":"col-12","col_xs":"col-12","col_sm":"col-sm-12","col_md":"","col_lg":"","col_xl":"","col_xxl":"","id_unique":"it_JIXJTFGXMIVY","child":[{"type":"content","sort_order":"1","specific_class":"mobile_for_menu","module_name":"html-1","id_unique":"it_IQEPFLOQIVRW","child":false},{"type":"content","sort_order":"3","specific_class":"mobile_for_search","module_name":"html-1","id_unique":"it_ZVDLOJUGUTBG","child":false},{"type":"content","sort_order":"4","specific_class":"mobile_for_account","module_name":"html-1","id_unique":"it_TWMXGLABRYFO","child":false},{"type":"content","sort_order":"5","specific_class":"mobile_for_cart","module_name":"html-1","id_unique":"it_UPLQATXPPJEI","child":false},{"type":"row","sort_order":"6","specific_class":"no-gutters sidebar2 to-hide settings-wrapper","id_unique":"it_YQHHNXRSUOHE","child":[{"type":"col","sort_order":"1","specific_class":"mobile_for_settingsmenu px-0","col":"col-12","col_xs":"col-12","col_sm":"col-sm-12","col_md":"","col_lg":"","col_xl":"","col_xxl":"","id_unique":"it_BBLKZGUDXWQB","child":false}]},{"type":"content","sort_order":"2","specific_class":"linearicons-cog2 js-modal-sidebar2 position-left size-modal-sm settings-toggle","module_name":"html-1","id_unique":"it_QKEMYTSQEFIJ","child":false}]}]}]},{"type":"wrapper","sort_order":"2","specific_class":"sticky-menu d-none d-md-block","id_unique":"it_HWWXLPCACCXV","child":[{"type":"row","sort_order":"1","specific_class":"d-flex align-items-center container","id_unique":"it_TJYMVBHVXCNZ","child":[{"type":"col","sort_order":"2","specific_class":"offset-xl-1","col":"col-12","col_xs":"col-12","col_sm":"col-sm-12","col_md":"","col_lg":"","col_xl":"col-xl-9","col_xxl":"","id_unique":"it_EAALVFAHIAYR","child":[{"type":"module","sort_order":"1","specific_class":"desktop_for_menu","module_name":"jxmegamenu","id_unique":"it_QVOOMRRQEDRA","origin_hook":"displayTop","extra_css":"","child":false}]},{"type":"col","sort_order":"1","specific_class":"d-none d-xl-block","col":"col-12","col_xs":"col-12","col_sm":"col-sm-12","col_md":"","col_lg":"","col_xl":"col-xl-2","col_xxl":"","id_unique":"it_GTBBXIUHQIWN","child":[{"type":"block","sort_order":"1","specific_class":"","module_name":"logo","id_unique":"it_VOIPJBEWWCFG","child":false}]}]}]}]