[{"type":"wrapper","sort_order":"1","specific_class":"container py-5 pt-md-9","id_unique":"it_GAOKEIGNYZZI","child":[{"type":"row","sort_order":"1","specific_class":"","id_unique":"it_SHWORQXDFQNE","child":[{"type":"col","sort_order":"1","specific_class":"","col":"col-12","col_xs":"col-12","col_sm":"col-sm-12","col_md":"","col_lg":"","col_xl":"","col_xxl":"","id_unique":"it_EKJCWYNCKNBI","child":[{"type":"module","sort_order":"1","specific_class":"grid","module_name":"ps_featuredproducts","id_unique":"it_KKYKEFDEUOGC","origin_hook":"displayHome","extra_css":"","child":false},{"type":"content","sort_order":"2","specific_class":"no-title text-center","module_name":"html-5","id_unique":"it_PPECRTAJWWXO","child":false}]}]}]},{"type":"wrapper","sort_order":"3","specific_class":"container pt-4","id_unique":"it_EQQSHJFAAZGF","child":[{"type":"row","sort_order":"1","specific_class":"","id_unique":"it_LKWWACUDXRSY","child":[{"type":"col","sort_order":"1","specific_class":"","col":"col-12","col_xs":"col-12","col_sm":"col-sm-12","col_md":"","col_lg":"","col_xl":"","col_xxl":"","id_unique":"it_LRQEUCXHGUTK","child":[{"type":"module","sort_order":"1","specific_class":"","module_name":"jxfeaturedposts","id_unique":"it_MNCPZLVBMXLS","origin_hook":"displayHome","extra_css":"","child":false},{"type":"content","sort_order":"2","specific_class":"no-title text-center mt-2","module_name":"html-3","id_unique":"it_CFISTUBJGDQL","child":false}]}]}]}]