[{"type":"wrapper","sort_order":"1","specific_class":"","id_unique":"it_YMFKPHWRVCHR","child":[{"type":"row","sort_order":"1","specific_class":"","id_unique":"it_PXKANSURRJGB","child":[{"type":"col","sort_order":"1","specific_class":"","col":"col-12","col_xs":"col-12","col_sm":"col-sm-12","col_md":"","col_lg":"","col_xl":"","col_xxl":"","id_unique":"it_WVKTVOBOWMCU","child":[{"type":"content","sort_order":"1","specific_class":"","module_name":"slider-1","id_unique":"it_MUXTTSUJGODL","child":false}]}]},{"type":"row","sort_order":"3","specific_class":"container pt-4 md-d-flex justify-content-center","id_unique":"it_OGUSIJYBKVZV","child":[{"type":"col","sort_order":"1","specific_class":"","col":"col-12","col_xs":"col-12","col_sm":"col-sm-8","col_md":"col-md-4","col_lg":"","col_xl":"","col_xxl":"","id_unique":"it_QDSGXUZZAASR","child":[{"type":"content","sort_order":"1","specific_class":"","module_name":"banner-4","id_unique":"it_NWDQPHAGTOBK","child":false}]},{"type":"col","sort_order":"2","specific_class":"pt-3 pt-md-0","col":"col-12","col_xs":"col-12","col_sm":"col-sm-8","col_md":"col-md-4","col_lg":"","col_xl":"","col_xxl":"","id_unique":"it_VSVYMYGKWNYM","child":[{"type":"content","sort_order":"1","specific_class":"","module_name":"banner-5","id_unique":"it_UDOJTLPBCECZ","child":false}]},{"type":"col","sort_order":"3","specific_class":"pt-3 pt-md-0","col":"col-12","col_xs":"col-12","col_sm":"col-sm-8","col_md":"col-md-4","col_lg":"","col_xl":"","col_xxl":"","id_unique":"it_ZJXEQHDQMAXB","child":[{"type":"content","sort_order":"1","specific_class":"","module_name":"banner-6","id_unique":"it_CRQFNLYSIJEQ","child":false}]}]},{"type":"row","sort_order":"2","specific_class":"container md-d-flex justify-content-center","id_unique":"it_BCVKSCDHBLPJ","child":[{"type":"col","sort_order":"2","specific_class":"pt-3 pt-md-0 order-md-1","col":"col-12","col_xs":"col-12","col_sm":"col-sm-6","col_md":"col-md-4","col_lg":"col-lg-4","col_xl":"col-xl-4","col_xxl":"col-xxl-4","id_unique":"it_PPJTZFVCHJAY","child":[{"type":"content","sort_order":"1","specific_class":"","module_name":"banner-7","id_unique":"it_ZKFWHZMERNOI","child":false}]},{"type":"col","sort_order":"3","specific_class":"pt-3 pt-md-0 order-md-2","col":"col-12","col_xs":"col-12","col_sm":"col-sm-6","col_md":"col-md-4","col_lg":"col-lg-4","col_xl":"col-xl-4","col_xxl":"col-xxl-4","id_unique":"it_VXGTFXEMVASM","child":[{"type":"content","sort_order":"1","specific_class":"","module_name":"banner-8","id_unique":"it_CEIOWFPHEDIW","child":false}]},{"type":"col","sort_order":"1","specific_class":"order-md-3","col":"col-12","col_xs":"col-12","col_sm":"col-sm-12","col_md":"col-md-4","col_lg":"col-lg-4","col_xl":"col-xl-4","col_xxl":"col-xxl-4","id_unique":"it_DSLSLGLDMPSJ","child":[{"type":"content","sort_order":"1","specific_class":"","module_name":"html-4","id_unique":"it_XGOOOUUVVPJJ","child":false}]}]}]}]