[{"type":"wrapper","sort_order":"1","specific_class":"","id_unique":"it_DPZCFMYKZQLE","child":[{"type":"row","sort_order":"1","specific_class":"","id_unique":"it_GAUOIXEWFYEL","child":[{"type":"col","sort_order":"1","specific_class":"","col":"col-12","col_xs":"col-12","col_sm":"col-sm-12","col_md":"","col_lg":"","col_xl":"","col_xxl":"","id_unique":"it_UYFFBOKNRXXK","child":[{"type":"module","sort_order":"3","specific_class":"grid u-carousel uc-el-product-miniature uc-nav mb-5","module_name":"ps_categoryproducts","id_unique":"it_QAJLSREUKYHV","origin_hook":"displayFooterProduct","extra_css":"","child":false},{"type":"module","sort_order":"4","specific_class":"grid u-carousel uc-el-product-miniature uc-nav mb-5","module_name":"ps_crossselling","id_unique":"it_RVYGUVLGXCYT","origin_hook":"displayFooterProduct","extra_css":"","child":false},{"type":"module","sort_order":"5","specific_class":"grid u-carousel uc-el-product-miniature uc-nav mb-5","module_name":"ps_viewedproduct","id_unique":"it_JBKFNELPVBDH","origin_hook":"displayFooterProduct","extra_css":"","child":false},{"type":"module","sort_order":"6","specific_class":"","module_name":"productcomments","id_unique":"it_XRMJCGTVLSRO","origin_hook":"displayFooterProduct","extra_css":"","child":false}]}]}]}]