{"1":{"default":{"id_extra_banner":"1","specific_class":"slide-type-1 left","id_lang":"1","name":"Slide 1","img":"0es6FbvIUgs2ZWV2.jpg","link":"index.php?id_category=12&controller=category","content":"<div class=\"wrapper\">\r\n<h3>Respiratory <br \/>Protection<\/h3>\r\n<p>Save your and your family's health!<\/p>\r\n<p class=\"btn btn-white btn-lg\">Shop now<\/p>\r\n<\/div>"},"languages":{"en":{"id_extra_banner":"1","specific_class":"slide-type-1 left","id_lang":"1","name":"Slide 1","img":"0es6FbvIUgs2ZWV2.jpg","link":"index.php?id_category=12&controller=category","content":"<div class=\"wrapper\">\r\n<h3>Respiratory <br \/>Protection<\/h3>\r\n<p>Save your and your family's health!<\/p>\r\n<p class=\"btn btn-white btn-lg\">Shop now<\/p>\r\n<\/div>"},"de":{"id_extra_banner":"1","specific_class":"slide-type-1 left","id_lang":"2","name":"Slide 1","img":"0es6FbvIUgs2ZWV2.jpg","link":"index.php?id_category=12&controller=category","content":"<div class=\"wrapper\">\r\n<h3>Respiratory <br \/>Protection<\/h3>\r\n<p>Save your and your family's health!<\/p>\r\n<p class=\"btn btn-white btn-lg\">Shop now<\/p>\r\n<\/div>"},"ru":{"id_extra_banner":"1","specific_class":"slide-type-1 left","id_lang":"3","name":"Slide 1","img":"0es6FbvIUgs2ZWV2.jpg","link":"index.php?id_category=12&controller=category","content":"<div class=\"wrapper\">\r\n<h3>Respiratory <br \/>Protection<\/h3>\r\n<p>Save your and your family's health!<\/p>\r\n<p class=\"btn btn-white btn-lg\">Shop now<\/p>\r\n<\/div>"},"es":{"id_extra_banner":"1","specific_class":"slide-type-1 left","id_lang":"4","name":"Slide 1","img":"0es6FbvIUgs2ZWV2.jpg","link":"index.php?id_category=12&controller=category","content":"<div class=\"wrapper\">\r\n<h3>Respiratory <br \/>Protection<\/h3>\r\n<p>Save your and your family's health!<\/p>\r\n<p class=\"btn btn-white btn-lg\">Shop now<\/p>\r\n<\/div>"},"fr":{"id_extra_banner":"1","specific_class":"slide-type-1 left","id_lang":"5","name":"Slide 1","img":"0es6FbvIUgs2ZWV2.jpg","link":"index.php?id_category=12&controller=category","content":"<div class=\"wrapper\">\r\n<h3>Respiratory <br \/>Protection<\/h3>\r\n<p>Save your and your family's health!<\/p>\r\n<p class=\"btn btn-white btn-lg\">Shop now<\/p>\r\n<\/div>"}}},"2":{"default":{"id_extra_banner":"2","specific_class":"slide-type-1 right","id_lang":"1","name":"Slide 2","img":"n2aDiOzjoIfj86LB.jpg","link":"index.php?id_category=13&controller=category","content":"<div class=\"wrapper\">\r\n<h3>Disposable<br \/>Masks<\/h3>\r\n<p>Don't miss your special offer!<\/p>\r\n<p class=\"btn btn-white btn-lg\">Shop now<\/p>\r\n<\/div>"},"languages":{"en":{"id_extra_banner":"2","specific_class":"slide-type-1 right","id_lang":"1","name":"Slide 2","img":"n2aDiOzjoIfj86LB.jpg","link":"index.php?id_category=13&controller=category","content":"<div class=\"wrapper\">\r\n<h3>Disposable<br \/>Masks<\/h3>\r\n<p>Don't miss your special offer!<\/p>\r\n<p class=\"btn btn-white btn-lg\">Shop now<\/p>\r\n<\/div>"},"de":{"id_extra_banner":"2","specific_class":"slide-type-1 right","id_lang":"2","name":"Slide 2","img":"n2aDiOzjoIfj86LB.jpg","link":"index.php?id_category=13&controller=category","content":"<div class=\"wrapper\">\r\n<h3>Disposable<br \/>Masks<\/h3>\r\n<p>Don't miss your special offer!<\/p>\r\n<p class=\"btn btn-white btn-lg\">Shop now<\/p>\r\n<\/div>"},"ru":{"id_extra_banner":"2","specific_class":"slide-type-1 right","id_lang":"3","name":"Slide 2","img":"n2aDiOzjoIfj86LB.jpg","link":"index.php?id_category=13&controller=category","content":"<div class=\"wrapper\">\r\n<h3>Disposable<br \/>Masks<\/h3>\r\n<p>Don't miss your special offer!<\/p>\r\n<p class=\"btn btn-white btn-lg\">Shop now<\/p>\r\n<\/div>"},"es":{"id_extra_banner":"2","specific_class":"slide-type-1 right","id_lang":"4","name":"Slide 2","img":"n2aDiOzjoIfj86LB.jpg","link":"index.php?id_category=13&controller=category","content":"<div class=\"wrapper\">\r\n<h3>Disposable<br \/>Masks<\/h3>\r\n<p>Don't miss your special offer!<\/p>\r\n<p class=\"btn btn-white btn-lg\">Shop now<\/p>\r\n<\/div>"},"fr":{"id_extra_banner":"2","specific_class":"slide-type-1 right","id_lang":"5","name":"Slide 2","img":"n2aDiOzjoIfj86LB.jpg","link":"index.php?id_category=13&controller=category","content":"<div class=\"wrapper\">\r\n<h3>Disposable<br \/>Masks<\/h3>\r\n<p>Don't miss your special offer!<\/p>\r\n<p class=\"btn btn-white btn-lg\">Shop now<\/p>\r\n<\/div>"}}},"3":{"default":{"id_extra_banner":"3","specific_class":"slide-type-1","id_lang":"1","name":"Slide 3","img":"NL8FWDpGheo8MAo7.jpg","link":"index.php?id_category=14&controller=category","content":"<div class=\"wrapper\">\r\n<h3>New<br \/>collection<\/h3>\r\n<p>Surgical Equipment<\/p>\r\n<p class=\"btn btn-white btn-lg\">Shop now<\/p>\r\n<\/div>"},"languages":{"en":{"id_extra_banner":"3","specific_class":"slide-type-1","id_lang":"1","name":"Slide 3","img":"NL8FWDpGheo8MAo7.jpg","link":"index.php?id_category=14&controller=category","content":"<div class=\"wrapper\">\r\n<h3>New<br \/>collection<\/h3>\r\n<p>Surgical Equipment<\/p>\r\n<p class=\"btn btn-white btn-lg\">Shop now<\/p>\r\n<\/div>"},"de":{"id_extra_banner":"3","specific_class":"slide-type-1","id_lang":"2","name":"Slide 3","img":"NL8FWDpGheo8MAo7.jpg","link":"index.php?id_category=14&controller=category","content":"<div class=\"wrapper\">\r\n<h3>New<br \/>collection<\/h3>\r\n<p>Surgical Equipment<\/p>\r\n<p class=\"btn btn-white btn-lg\">Shop now<\/p>\r\n<\/div>"},"ru":{"id_extra_banner":"3","specific_class":"slide-type-1","id_lang":"3","name":"Slide 3","img":"NL8FWDpGheo8MAo7.jpg","link":"index.php?id_category=14&controller=category","content":"<div class=\"wrapper\">\r\n<h3>New<br \/>collection<\/h3>\r\n<p>Surgical Equipment<\/p>\r\n<p class=\"btn btn-white btn-lg\">Shop now<\/p>\r\n<\/div>"},"es":{"id_extra_banner":"3","specific_class":"slide-type-1","id_lang":"4","name":"Slide 3","img":"NL8FWDpGheo8MAo7.jpg","link":"index.php?id_category=14&controller=category","content":"<div class=\"wrapper\">\r\n<h3>New<br \/>collection<\/h3>\r\n<p>Surgical Equipment<\/p>\r\n<p class=\"btn btn-white btn-lg\">Shop now<\/p>\r\n<\/div>"},"fr":{"id_extra_banner":"3","specific_class":"slide-type-1","id_lang":"5","name":"Slide 3","img":"NL8FWDpGheo8MAo7.jpg","link":"index.php?id_category=14&controller=category","content":"<div class=\"wrapper\">\r\n<h3>New<br \/>collection<\/h3>\r\n<p>Surgical Equipment<\/p>\r\n<p class=\"btn btn-white btn-lg\">Shop now<\/p>\r\n<\/div>"}}},"4":{"default":{"id_extra_banner":"4","specific_class":"banner-type-1 center","id_lang":"1","name":"Banner 1","img":"AIPtRzUI9DxobDOP.jpg","link":"index.php?id_category=17&controller=category","content":"<h3>Medical<br \/>Gloves<\/h3>\r\n<p>Here we have a range of gloves from EMS gloves, to exam gloves, to surgical gloves.<\/p>\r\n<p class=\"btn btn-white btn-lg\">Shop now<\/p>"},"languages":{"en":{"id_extra_banner":"4","specific_class":"banner-type-1 center","id_lang":"1","name":"Banner 1","img":"AIPtRzUI9DxobDOP.jpg","link":"index.php?id_category=17&controller=category","content":"<h3>Medical<br \/>Gloves<\/h3>\r\n<p>Here we have a range of gloves from EMS gloves, to exam gloves, to surgical gloves.<\/p>\r\n<p class=\"btn btn-white btn-lg\">Shop now<\/p>"},"de":{"id_extra_banner":"4","specific_class":"banner-type-1 center","id_lang":"2","name":"Banner 1","img":"AIPtRzUI9DxobDOP.jpg","link":"index.php?id_category=17&controller=category","content":"<h3>Medical<br \/>Gloves<\/h3>\r\n<p>Here we have a range of gloves from EMS gloves, to exam gloves, to surgical gloves.<\/p>\r\n<p class=\"btn btn-white btn-lg\">Shop now<\/p>"},"ru":{"id_extra_banner":"4","specific_class":"banner-type-1 center","id_lang":"3","name":"Banner 1","img":"AIPtRzUI9DxobDOP.jpg","link":"index.php?id_category=17&controller=category","content":"<h3>Medical<br \/>Gloves<\/h3>\r\n<p>Here we have a range of gloves from EMS gloves, to exam gloves, to surgical gloves.<\/p>\r\n<p class=\"btn btn-white btn-lg\">Shop now<\/p>"},"es":{"id_extra_banner":"4","specific_class":"banner-type-1 center","id_lang":"4","name":"Banner 1","img":"AIPtRzUI9DxobDOP.jpg","link":"index.php?id_category=17&controller=category","content":"<h3>Medical<br \/>Gloves<\/h3>\r\n<p>Here we have a range of gloves from EMS gloves, to exam gloves, to surgical gloves.<\/p>\r\n<p class=\"btn btn-white btn-lg\">Shop now<\/p>"},"fr":{"id_extra_banner":"4","specific_class":"banner-type-1 center","id_lang":"5","name":"Banner 1","img":"AIPtRzUI9DxobDOP.jpg","link":"index.php?id_category=17&controller=category","content":"<h3>Medical<br \/>Gloves<\/h3>\r\n<p>Here we have a range of gloves from EMS gloves, to exam gloves, to surgical gloves.<\/p>\r\n<p class=\"btn btn-white btn-lg\">Shop now<\/p>"}}},"5":{"default":{"id_extra_banner":"5","specific_class":"banner-type-2 bg-type-1 inverse banner-sm","id_lang":"1","name":"Banner 2","img":"ja0ATIOrI2oDsS9I.jpg","link":"index.php?id_category=15&controller=category","content":"<h3>Medical<br \/>Supplies<\/h3>\r\n<p class=\"color-nero\">Happiness is when the food you want to eat, the food you should eat, and the food you do eat, are all the same food.<\/p>\r\n<p class=\"link-offset\"><a href=\"index.php?id_category=20&amp;controller=category\" class=\"link link-primary link-icon\">More<\/a><\/p>"},"languages":{"en":{"id_extra_banner":"5","specific_class":"banner-type-2 bg-type-1 inverse banner-sm","id_lang":"1","name":"Banner 2","img":"ja0ATIOrI2oDsS9I.jpg","link":"index.php?id_category=15&controller=category","content":"<h3>Medical<br \/>Supplies<\/h3>\r\n<p class=\"color-nero\">Happiness is when the food you want to eat, the food you should eat, and the food you do eat, are all the same food.<\/p>\r\n<p class=\"link-offset\"><a href=\"index.php?id_category=20&amp;controller=category\" class=\"link link-primary link-icon\">More<\/a><\/p>"},"de":{"id_extra_banner":"5","specific_class":"banner-type-2 bg-type-1 inverse banner-sm","id_lang":"2","name":"Banner 2","img":"ja0ATIOrI2oDsS9I.jpg","link":"index.php?id_category=15&controller=category","content":"<h3>Medical<br \/>Supplies<\/h3>\r\n<p class=\"color-nero\">Happiness is when the food you want to eat, the food you should eat, and the food you do eat, are all the same food.<\/p>\r\n<p class=\"link-offset\"><a href=\"index.php?id_category=20&amp;controller=category\" class=\"link link-primary link-icon\">More<\/a><\/p>"},"ru":{"id_extra_banner":"5","specific_class":"banner-type-2 bg-type-1 inverse banner-sm","id_lang":"3","name":"Banner 2","img":"ja0ATIOrI2oDsS9I.jpg","link":"index.php?id_category=15&controller=category","content":"<h3>Medical<br \/>Supplies<\/h3>\r\n<p class=\"color-nero\">Happiness is when the food you want to eat, the food you should eat, and the food you do eat, are all the same food.<\/p>\r\n<p class=\"link-offset\"><a href=\"index.php?id_category=20&amp;controller=category\" class=\"link link-primary link-icon\">More<\/a><\/p>"},"es":{"id_extra_banner":"5","specific_class":"banner-type-2 bg-type-1 inverse banner-sm","id_lang":"4","name":"Banner 2","img":"ja0ATIOrI2oDsS9I.jpg","link":"index.php?id_category=15&controller=category","content":"<h3>Medical<br \/>Supplies<\/h3>\r\n<p class=\"color-nero\">Happiness is when the food you want to eat, the food you should eat, and the food you do eat, are all the same food.<\/p>\r\n<p class=\"link-offset\"><a href=\"index.php?id_category=20&amp;controller=category\" class=\"link link-primary link-icon\">More<\/a><\/p>"},"fr":{"id_extra_banner":"5","specific_class":"banner-type-2 bg-type-1 inverse banner-sm","id_lang":"5","name":"Banner 2","img":"ja0ATIOrI2oDsS9I.jpg","link":"index.php?id_category=15&controller=category","content":"<h3>Medical<br \/>Supplies<\/h3>\r\n<p class=\"color-nero\">Happiness is when the food you want to eat, the food you should eat, and the food you do eat, are all the same food.<\/p>\r\n<p class=\"link-offset\"><a href=\"index.php?id_category=20&amp;controller=category\" class=\"link link-primary link-icon\">More<\/a><\/p>"}}},"6":{"default":{"id_extra_banner":"6","specific_class":"banner-type-5","id_lang":"1","name":"Banner 3","img":"jZ7sHCc6W1gMBBy5.jpg","link":"index.php?id_category=16&controller=category","content":"<h3>Save 5%<\/h3>\r\n<h4>on Every Order!<\/h4>\r\n<p>Medical Supplies &amp; Equipment<\/p>\r\n<p class=\"link-offset\"><a href=\"index.php?id_category=16&amp;controller=category\" class=\"link link-white link-icon\">Shop Now<\/a><\/p>"},"languages":{"en":{"id_extra_banner":"6","specific_class":"banner-type-5","id_lang":"1","name":"Banner 3","img":"jZ7sHCc6W1gMBBy5.jpg","link":"index.php?id_category=16&controller=category","content":"<h3>Save 5%<\/h3>\r\n<h4>on Every Order!<\/h4>\r\n<p>Medical Supplies &amp; Equipment<\/p>\r\n<p class=\"link-offset\"><a href=\"index.php?id_category=16&amp;controller=category\" class=\"link link-white link-icon\">Shop Now<\/a><\/p>"},"de":{"id_extra_banner":"6","specific_class":"banner-type-5","id_lang":"2","name":"Banner 3","img":"jZ7sHCc6W1gMBBy5.jpg","link":"index.php?id_category=16&controller=category","content":"<h3>Save 5%<\/h3>\r\n<h4>on Every Order!<\/h4>\r\n<p>Medical Supplies &amp; Equipment<\/p>\r\n<p class=\"link-offset\"><a href=\"index.php?id_category=16&amp;controller=category\" class=\"link link-white link-icon\">Shop Now<\/a><\/p>"},"ru":{"id_extra_banner":"6","specific_class":"banner-type-5","id_lang":"3","name":"Banner 3","img":"jZ7sHCc6W1gMBBy5.jpg","link":"index.php?id_category=16&controller=category","content":"<h3>Save 5%<\/h3>\r\n<h4>on Every Order!<\/h4>\r\n<p>Medical Supplies &amp; Equipment<\/p>\r\n<p class=\"link-offset\"><a href=\"index.php?id_category=16&amp;controller=category\" class=\"link link-white link-icon\">Shop Now<\/a><\/p>"},"es":{"id_extra_banner":"6","specific_class":"banner-type-5","id_lang":"4","name":"Banner 3","img":"jZ7sHCc6W1gMBBy5.jpg","link":"index.php?id_category=16&controller=category","content":"<h3>Save 5%<\/h3>\r\n<h4>on Every Order!<\/h4>\r\n<p>Medical Supplies &amp; Equipment<\/p>\r\n<p class=\"link-offset\"><a href=\"index.php?id_category=16&amp;controller=category\" class=\"link link-white link-icon\">Shop Now<\/a><\/p>"},"fr":{"id_extra_banner":"6","specific_class":"banner-type-5","id_lang":"5","name":"Banner 3","img":"jZ7sHCc6W1gMBBy5.jpg","link":"index.php?id_category=16&controller=category","content":"<h3>Save 5%<\/h3>\r\n<h4>on Every Order!<\/h4>\r\n<p>Medical Supplies &amp; Equipment<\/p>\r\n<p class=\"link-offset\"><a href=\"index.php?id_category=16&amp;controller=category\" class=\"link link-white link-icon\">Shop Now<\/a><\/p>"}}},"7":{"default":{"id_extra_banner":"7","specific_class":"banner-type-3","id_lang":"1","name":"Banner 4","img":"3OcphtG0JEM6wiEc.jpg","link":"index.php?id_category=19&controller=category","content":"<h4>medical Apparel<\/h4>\r\n<h2>Disposable<br \/>Clothing<\/h2>\r\n<p class=\"btn btn-primary btn-lg\">shop now<\/p>"},"languages":{"en":{"id_extra_banner":"7","specific_class":"banner-type-3","id_lang":"1","name":"Banner 4","img":"3OcphtG0JEM6wiEc.jpg","link":"index.php?id_category=19&controller=category","content":"<h4>medical Apparel<\/h4>\r\n<h2>Disposable<br \/>Clothing<\/h2>\r\n<p class=\"btn btn-primary btn-lg\">shop now<\/p>"},"de":{"id_extra_banner":"7","specific_class":"banner-type-3","id_lang":"2","name":"Banner 4","img":"3OcphtG0JEM6wiEc.jpg","link":"index.php?id_category=19&controller=category","content":"<h4>medical Apparel<\/h4>\r\n<h2>Disposable<br \/>Clothing<\/h2>\r\n<p class=\"btn btn-primary btn-lg\">shop now<\/p>"},"ru":{"id_extra_banner":"7","specific_class":"banner-type-3","id_lang":"3","name":"Banner 4","img":"3OcphtG0JEM6wiEc.jpg","link":"index.php?id_category=19&controller=category","content":"<h4>medical Apparel<\/h4>\r\n<h2>Disposable<br \/>Clothing<\/h2>\r\n<p class=\"btn btn-primary btn-lg\">shop now<\/p>"},"es":{"id_extra_banner":"7","specific_class":"banner-type-3","id_lang":"4","name":"Banner 4","img":"3OcphtG0JEM6wiEc.jpg","link":"index.php?id_category=19&controller=category","content":"<h4>medical Apparel<\/h4>\r\n<h2>Disposable<br \/>Clothing<\/h2>\r\n<p class=\"btn btn-primary btn-lg\">shop now<\/p>"},"fr":{"id_extra_banner":"7","specific_class":"banner-type-3","id_lang":"5","name":"Banner 4","img":"3OcphtG0JEM6wiEc.jpg","link":"index.php?id_category=19&controller=category","content":"<h4>medical Apparel<\/h4>\r\n<h2>Disposable<br \/>Clothing<\/h2>\r\n<p class=\"btn btn-primary btn-lg\">shop now<\/p>"}}},"8":{"default":{"id_extra_banner":"8","specific_class":"banner-type-1 left","id_lang":"1","name":"Banner 5","img":"9gWZfwTdDRpL7oq0.jpg","link":"index.php?id_category=23&controller=category","content":"<h4 class=\"color-white\">Respirators<\/h4>\r\n<h2 class=\"color-white\">20%<br \/>off<\/h2>\r\n<p class=\"btn btn-white btn-lg\">Shop now<\/p>"},"languages":{"en":{"id_extra_banner":"8","specific_class":"banner-type-1 left","id_lang":"1","name":"Banner 5","img":"9gWZfwTdDRpL7oq0.jpg","link":"index.php?id_category=23&controller=category","content":"<h4 class=\"color-white\">Respirators<\/h4>\r\n<h2 class=\"color-white\">20%<br \/>off<\/h2>\r\n<p class=\"btn btn-white btn-lg\">Shop now<\/p>"},"de":{"id_extra_banner":"8","specific_class":"banner-type-1 left","id_lang":"2","name":"Banner 5","img":"9gWZfwTdDRpL7oq0.jpg","link":"index.php?id_category=23&controller=category","content":"<h4 class=\"color-white\">Respirators<\/h4>\r\n<h2 class=\"color-white\">20%<br \/>off<\/h2>\r\n<p class=\"btn btn-white btn-lg\">Shop now<\/p>"},"ru":{"id_extra_banner":"8","specific_class":"banner-type-1 left","id_lang":"3","name":"Banner 5","img":"9gWZfwTdDRpL7oq0.jpg","link":"index.php?id_category=23&controller=category","content":"<h4 class=\"color-white\">Respirators<\/h4>\r\n<h2 class=\"color-white\">20%<br \/>off<\/h2>\r\n<p class=\"btn btn-white btn-lg\">Shop now<\/p>"},"es":{"id_extra_banner":"8","specific_class":"banner-type-1 left","id_lang":"4","name":"Banner 5","img":"9gWZfwTdDRpL7oq0.jpg","link":"index.php?id_category=23&controller=category","content":"<h4 class=\"color-white\">Respirators<\/h4>\r\n<h2 class=\"color-white\">20%<br \/>off<\/h2>\r\n<p class=\"btn btn-white btn-lg\">Shop now<\/p>"},"fr":{"id_extra_banner":"8","specific_class":"banner-type-1 left","id_lang":"5","name":"Banner 5","img":"9gWZfwTdDRpL7oq0.jpg","link":"index.php?id_category=23&controller=category","content":"<h4 class=\"color-white\">Respirators<\/h4>\r\n<h2 class=\"color-white\">20%<br \/>off<\/h2>\r\n<p class=\"btn btn-white btn-lg\">Shop now<\/p>"}}},"9":{"default":{"id_extra_banner":"9","specific_class":"banner-type-2 bg-type-1 left banner-md","id_lang":"1","name":"Banner 6","img":"IPRxxdIs8seZm1af.jpg","link":"index.php?id_category=20&controller=category","content":"<h3>Shoe<br \/>covers<\/h3>\r\n<p>Universal shoe covers fit most size shoes and are a must in the surgical environment.<\/p>\r\n<p class=\"link-offset\"><a href=\"index.php?id_category=20&amp;controller=category\" class=\"link link-white link-icon\">More<\/a><\/p>"},"languages":{"en":{"id_extra_banner":"9","specific_class":"banner-type-2 bg-type-1 left banner-md","id_lang":"1","name":"Banner 6","img":"IPRxxdIs8seZm1af.jpg","link":"index.php?id_category=20&controller=category","content":"<h3>Shoe<br \/>covers<\/h3>\r\n<p>Universal shoe covers fit most size shoes and are a must in the surgical environment.<\/p>\r\n<p class=\"link-offset\"><a href=\"index.php?id_category=20&amp;controller=category\" class=\"link link-white link-icon\">More<\/a><\/p>"},"de":{"id_extra_banner":"9","specific_class":"banner-type-2 bg-type-1 left banner-md","id_lang":"2","name":"Banner 6","img":"IPRxxdIs8seZm1af.jpg","link":"index.php?id_category=20&controller=category","content":"<h3>Shoe<br \/>covers<\/h3>\r\n<p>Universal shoe covers fit most size shoes and are a must in the surgical environment.<\/p>\r\n<p class=\"link-offset\"><a href=\"index.php?id_category=20&amp;controller=category\" class=\"link link-white link-icon\">More<\/a><\/p>"},"ru":{"id_extra_banner":"9","specific_class":"banner-type-2 bg-type-1 left banner-md","id_lang":"3","name":"Banner 6","img":"IPRxxdIs8seZm1af.jpg","link":"index.php?id_category=20&controller=category","content":"<h3>Shoe<br \/>covers<\/h3>\r\n<p>Universal shoe covers fit most size shoes and are a must in the surgical environment.<\/p>\r\n<p class=\"link-offset\"><a href=\"index.php?id_category=20&amp;controller=category\" class=\"link link-white link-icon\">More<\/a><\/p>"},"es":{"id_extra_banner":"9","specific_class":"banner-type-2 bg-type-1 left banner-md","id_lang":"4","name":"Banner 6","img":"IPRxxdIs8seZm1af.jpg","link":"index.php?id_category=20&controller=category","content":"<h3>Shoe<br \/>covers<\/h3>\r\n<p>Universal shoe covers fit most size shoes and are a must in the surgical environment.<\/p>\r\n<p class=\"link-offset\"><a href=\"index.php?id_category=20&amp;controller=category\" class=\"link link-white link-icon\">More<\/a><\/p>"},"fr":{"id_extra_banner":"9","specific_class":"banner-type-2 bg-type-1 left banner-md","id_lang":"5","name":"Banner 6","img":"IPRxxdIs8seZm1af.jpg","link":"index.php?id_category=20&controller=category","content":"<h3>Shoe<br \/>covers<\/h3>\r\n<p>Universal shoe covers fit most size shoes and are a must in the surgical environment.<\/p>\r\n<p class=\"link-offset\"><a href=\"index.php?id_category=20&amp;controller=category\" class=\"link link-white link-icon\">More<\/a><\/p>"}}},"10":{"default":{"id_extra_banner":"10","specific_class":"banner-type-4","id_lang":"1","name":"Banner 7","img":"mHOphGZbcqZVnhqB.jpg","link":"index.php?id_category=21&controller=category","content":""},"languages":{"en":{"id_extra_banner":"10","specific_class":"banner-type-4","id_lang":"1","name":"Banner 7","img":"mHOphGZbcqZVnhqB.jpg","link":"index.php?id_category=21&controller=category","content":""},"de":{"id_extra_banner":"10","specific_class":"banner-type-4","id_lang":"2","name":"Banner 7","img":"mHOphGZbcqZVnhqB.jpg","link":"index.php?id_category=21&controller=category","content":""},"ru":{"id_extra_banner":"10","specific_class":"banner-type-4","id_lang":"3","name":"Banner 7","img":"mHOphGZbcqZVnhqB.jpg","link":"index.php?id_category=21&controller=category","content":""},"es":{"id_extra_banner":"10","specific_class":"banner-type-4","id_lang":"4","name":"Banner 7","img":"mHOphGZbcqZVnhqB.jpg","link":"index.php?id_category=21&controller=category","content":""},"fr":{"id_extra_banner":"10","specific_class":"banner-type-4","id_lang":"5","name":"Banner 7","img":"mHOphGZbcqZVnhqB.jpg","link":"index.php?id_category=21&controller=category","content":""}}},"11":{"default":{"id_extra_banner":"11","specific_class":"banner-type-5 center","id_lang":"1","name":"Banner 8","img":"qEpD8yqB9HC8j4BM.jpg","link":"index.php?id_category=22&controller=category","content":"<h3 class=\"color-white\">Coronavirus<br \/>Medical Supplies<\/h3>\r\n<p class=\"color-white\">Many people are asking about medical supplies for the Coronavirus 2019 (COVID-19). This page highlights some commonly used medical supplies.<\/p>\r\n<p class=\"link-offset\"><a href=\"index.php?id_category=22&amp;controller=category\" class=\"link link-white link-icon color-white\">View products<\/a><\/p>"},"languages":{"en":{"id_extra_banner":"11","specific_class":"banner-type-5 center","id_lang":"1","name":"Banner 8","img":"qEpD8yqB9HC8j4BM.jpg","link":"index.php?id_category=22&controller=category","content":"<h3 class=\"color-white\">Coronavirus<br \/>Medical Supplies<\/h3>\r\n<p class=\"color-white\">Many people are asking about medical supplies for the Coronavirus 2019 (COVID-19). This page highlights some commonly used medical supplies.<\/p>\r\n<p class=\"link-offset\"><a href=\"index.php?id_category=22&amp;controller=category\" class=\"link link-white link-icon color-white\">View products<\/a><\/p>"},"de":{"id_extra_banner":"11","specific_class":"banner-type-5 center","id_lang":"2","name":"Banner 8","img":"qEpD8yqB9HC8j4BM.jpg","link":"index.php?id_category=22&controller=category","content":"<h3 class=\"color-white\">Coronavirus<br \/>Medical Supplies<\/h3>\r\n<p class=\"color-white\">Many people are asking about medical supplies for the Coronavirus 2019 (COVID-19). This page highlights some commonly used medical supplies.<\/p>\r\n<p class=\"link-offset\"><a href=\"index.php?id_category=22&amp;controller=category\" class=\"link link-white link-icon color-white\">View products<\/a><\/p>"},"ru":{"id_extra_banner":"11","specific_class":"banner-type-5 center","id_lang":"3","name":"Banner 8","img":"qEpD8yqB9HC8j4BM.jpg","link":"index.php?id_category=22&controller=category","content":"<h3 class=\"color-white\">Coronavirus<br \/>Medical Supplies<\/h3>\r\n<p class=\"color-white\">Many people are asking about medical supplies for the Coronavirus 2019 (COVID-19). This page highlights some commonly used medical supplies.<\/p>\r\n<p class=\"link-offset\"><a href=\"index.php?id_category=22&amp;controller=category\" class=\"link link-white link-icon color-white\">View products<\/a><\/p>"},"es":{"id_extra_banner":"11","specific_class":"banner-type-5 center","id_lang":"4","name":"Banner 8","img":"qEpD8yqB9HC8j4BM.jpg","link":"index.php?id_category=22&controller=category","content":"<h3 class=\"color-white\">Coronavirus<br \/>Medical Supplies<\/h3>\r\n<p class=\"color-white\">Many people are asking about medical supplies for the Coronavirus 2019 (COVID-19). This page highlights some commonly used medical supplies.<\/p>\r\n<p class=\"link-offset\"><a href=\"index.php?id_category=22&amp;controller=category\" class=\"link link-white link-icon color-white\">View products<\/a><\/p>"},"fr":{"id_extra_banner":"11","specific_class":"banner-type-5 center","id_lang":"5","name":"Banner 8","img":"qEpD8yqB9HC8j4BM.jpg","link":"index.php?id_category=22&controller=category","content":"<h3 class=\"color-white\">Coronavirus<br \/>Medical Supplies<\/h3>\r\n<p class=\"color-white\">Many people are asking about medical supplies for the Coronavirus 2019 (COVID-19). This page highlights some commonly used medical supplies.<\/p>\r\n<p class=\"link-offset\"><a href=\"index.php?id_category=22&amp;controller=category\" class=\"link link-white link-icon color-white\">View products<\/a><\/p>"}}}}