{"1":{"default":{"id_extra_slider":"1","specific_class":"slider-type-1","visible_items":"1","items_scroll":"1","margin":"0","speed":"500","auto_scroll":"1","pause":"3000","loop":"1","pager":"1","controls":"1","auto_height":"0","id_lang":"1","name":"Slider top","content":null,"slides":[{"entity":{"id_item":"7","id_extra_slider":"1","type":"banner","id_content":"1","position":"0"},"info":{"id_extra_banner":"1","specific_class":"slide-type-1 left","id_lang":"1","name":"Slide 1","img":"0es6FbvIUgs2ZWV2.jpg","link":"index.php?id_category=12&controller=category","content":"<div class=\"wrapper\">\r\n<h3>Respiratory <br \/>Protection<\/h3>\r\n<p>Save your and your family's health!<\/p>\r\n<p class=\"btn btn-white btn-lg\">Shop now<\/p>\r\n<\/div>","id":"1"}},{"entity":{"id_item":"8","id_extra_slider":"1","type":"banner","id_content":"2","position":"0"},"info":{"id_extra_banner":"2","specific_class":"slide-type-1 right","id_lang":"1","name":"Slide 2","img":"n2aDiOzjoIfj86LB.jpg","link":"index.php?id_category=13&controller=category","content":"<div class=\"wrapper\">\r\n<h3>Disposable<br \/>Masks<\/h3>\r\n<p>Don't miss your special offer!<\/p>\r\n<p class=\"btn btn-white btn-lg\">Shop now<\/p>\r\n<\/div>","id":"2"}},{"entity":{"id_item":"9","id_extra_slider":"1","type":"banner","id_content":"3","position":"0"},"info":{"id_extra_banner":"3","specific_class":"slide-type-1","id_lang":"1","name":"Slide 3","img":"NL8FWDpGheo8MAo7.jpg","link":"index.php?id_category=14&controller=category","content":"<div class=\"wrapper\">\r\n<h3>New<br \/>collection<\/h3>\r\n<p>Surgical Equipment<\/p>\r\n<p class=\"btn btn-white btn-lg\">Shop now<\/p>\r\n<\/div>","id":"3"}}]},"languages":{"en":{"id_extra_slider":"1","specific_class":"slider-type-1","visible_items":"1","items_scroll":"1","margin":"0","speed":"500","auto_scroll":"1","pause":"3000","loop":"1","pager":"1","controls":"1","auto_height":"0","id_lang":"1","name":"Slider top","content":null,"slides":[{"entity":{"id_item":"7","id_extra_slider":"1","type":"banner","id_content":"1","position":"0"},"info":{"id_extra_banner":"1","specific_class":"slide-type-1 left","id_lang":"1","name":"Slide 1","img":"0es6FbvIUgs2ZWV2.jpg","link":"index.php?id_category=12&controller=category","content":"<div class=\"wrapper\">\r\n<h3>Respiratory <br \/>Protection<\/h3>\r\n<p>Save your and your family's health!<\/p>\r\n<p class=\"btn btn-white btn-lg\">Shop now<\/p>\r\n<\/div>","id":"1"}},{"entity":{"id_item":"8","id_extra_slider":"1","type":"banner","id_content":"2","position":"0"},"info":{"id_extra_banner":"2","specific_class":"slide-type-1 right","id_lang":"1","name":"Slide 2","img":"n2aDiOzjoIfj86LB.jpg","link":"index.php?id_category=13&controller=category","content":"<div class=\"wrapper\">\r\n<h3>Disposable<br \/>Masks<\/h3>\r\n<p>Don't miss your special offer!<\/p>\r\n<p class=\"btn btn-white btn-lg\">Shop now<\/p>\r\n<\/div>","id":"2"}},{"entity":{"id_item":"9","id_extra_slider":"1","type":"banner","id_content":"3","position":"0"},"info":{"id_extra_banner":"3","specific_class":"slide-type-1","id_lang":"1","name":"Slide 3","img":"NL8FWDpGheo8MAo7.jpg","link":"index.php?id_category=14&controller=category","content":"<div class=\"wrapper\">\r\n<h3>New<br \/>collection<\/h3>\r\n<p>Surgical Equipment<\/p>\r\n<p class=\"btn btn-white btn-lg\">Shop now<\/p>\r\n<\/div>","id":"3"}}]},"de":{"id_extra_slider":"1","specific_class":"slider-type-1","visible_items":"1","items_scroll":"1","margin":"0","speed":"500","auto_scroll":"1","pause":"3000","loop":"1","pager":"1","controls":"1","auto_height":"0","id_lang":"2","name":"Slider top","content":null,"slides":[{"entity":{"id_item":"7","id_extra_slider":"1","type":"banner","id_content":"1","position":"0"},"info":{"id_extra_banner":"1","specific_class":"slide-type-1 left","id_lang":"2","name":"Slide 1","img":"0es6FbvIUgs2ZWV2.jpg","link":"index.php?id_category=12&controller=category","content":"<div class=\"wrapper\">\r\n<h3>Respiratory <br \/>Protection<\/h3>\r\n<p>Save your and your family's health!<\/p>\r\n<p class=\"btn btn-white btn-lg\">Shop now<\/p>\r\n<\/div>","id":"1"}},{"entity":{"id_item":"8","id_extra_slider":"1","type":"banner","id_content":"2","position":"0"},"info":{"id_extra_banner":"2","specific_class":"slide-type-1 right","id_lang":"2","name":"Slide 2","img":"n2aDiOzjoIfj86LB.jpg","link":"index.php?id_category=13&controller=category","content":"<div class=\"wrapper\">\r\n<h3>Disposable<br \/>Masks<\/h3>\r\n<p>Don't miss your special offer!<\/p>\r\n<p class=\"btn btn-white btn-lg\">Shop now<\/p>\r\n<\/div>","id":"2"}},{"entity":{"id_item":"9","id_extra_slider":"1","type":"banner","id_content":"3","position":"0"},"info":{"id_extra_banner":"3","specific_class":"slide-type-1","id_lang":"2","name":"Slide 3","img":"NL8FWDpGheo8MAo7.jpg","link":"index.php?id_category=14&controller=category","content":"<div class=\"wrapper\">\r\n<h3>New<br \/>collection<\/h3>\r\n<p>Surgical Equipment<\/p>\r\n<p class=\"btn btn-white btn-lg\">Shop now<\/p>\r\n<\/div>","id":"3"}}]},"ru":{"id_extra_slider":"1","specific_class":"slider-type-1","visible_items":"1","items_scroll":"1","margin":"0","speed":"500","auto_scroll":"1","pause":"3000","loop":"1","pager":"1","controls":"1","auto_height":"0","id_lang":"3","name":"Slider top","content":null,"slides":[{"entity":{"id_item":"7","id_extra_slider":"1","type":"banner","id_content":"1","position":"0"},"info":{"id_extra_banner":"1","specific_class":"slide-type-1 left","id_lang":"3","name":"Slide 1","img":"0es6FbvIUgs2ZWV2.jpg","link":"index.php?id_category=12&controller=category","content":"<div class=\"wrapper\">\r\n<h3>Respiratory <br \/>Protection<\/h3>\r\n<p>Save your and your family's health!<\/p>\r\n<p class=\"btn btn-white btn-lg\">Shop now<\/p>\r\n<\/div>","id":"1"}},{"entity":{"id_item":"8","id_extra_slider":"1","type":"banner","id_content":"2","position":"0"},"info":{"id_extra_banner":"2","specific_class":"slide-type-1 right","id_lang":"3","name":"Slide 2","img":"n2aDiOzjoIfj86LB.jpg","link":"index.php?id_category=13&controller=category","content":"<div class=\"wrapper\">\r\n<h3>Disposable<br \/>Masks<\/h3>\r\n<p>Don't miss your special offer!<\/p>\r\n<p class=\"btn btn-white btn-lg\">Shop now<\/p>\r\n<\/div>","id":"2"}},{"entity":{"id_item":"9","id_extra_slider":"1","type":"banner","id_content":"3","position":"0"},"info":{"id_extra_banner":"3","specific_class":"slide-type-1","id_lang":"3","name":"Slide 3","img":"NL8FWDpGheo8MAo7.jpg","link":"index.php?id_category=14&controller=category","content":"<div class=\"wrapper\">\r\n<h3>New<br \/>collection<\/h3>\r\n<p>Surgical Equipment<\/p>\r\n<p class=\"btn btn-white btn-lg\">Shop now<\/p>\r\n<\/div>","id":"3"}}]},"es":{"id_extra_slider":"1","specific_class":"slider-type-1","visible_items":"1","items_scroll":"1","margin":"0","speed":"500","auto_scroll":"1","pause":"3000","loop":"1","pager":"1","controls":"1","auto_height":"0","id_lang":"4","name":"Slider top","content":null,"slides":[{"entity":{"id_item":"7","id_extra_slider":"1","type":"banner","id_content":"1","position":"0"},"info":{"id_extra_banner":"1","specific_class":"slide-type-1 left","id_lang":"4","name":"Slide 1","img":"0es6FbvIUgs2ZWV2.jpg","link":"index.php?id_category=12&controller=category","content":"<div class=\"wrapper\">\r\n<h3>Respiratory <br \/>Protection<\/h3>\r\n<p>Save your and your family's health!<\/p>\r\n<p class=\"btn btn-white btn-lg\">Shop now<\/p>\r\n<\/div>","id":"1"}},{"entity":{"id_item":"8","id_extra_slider":"1","type":"banner","id_content":"2","position":"0"},"info":{"id_extra_banner":"2","specific_class":"slide-type-1 right","id_lang":"4","name":"Slide 2","img":"n2aDiOzjoIfj86LB.jpg","link":"index.php?id_category=13&controller=category","content":"<div class=\"wrapper\">\r\n<h3>Disposable<br \/>Masks<\/h3>\r\n<p>Don't miss your special offer!<\/p>\r\n<p class=\"btn btn-white btn-lg\">Shop now<\/p>\r\n<\/div>","id":"2"}},{"entity":{"id_item":"9","id_extra_slider":"1","type":"banner","id_content":"3","position":"0"},"info":{"id_extra_banner":"3","specific_class":"slide-type-1","id_lang":"4","name":"Slide 3","img":"NL8FWDpGheo8MAo7.jpg","link":"index.php?id_category=14&controller=category","content":"<div class=\"wrapper\">\r\n<h3>New<br \/>collection<\/h3>\r\n<p>Surgical Equipment<\/p>\r\n<p class=\"btn btn-white btn-lg\">Shop now<\/p>\r\n<\/div>","id":"3"}}]},"fr":{"id_extra_slider":"1","specific_class":"slider-type-1","visible_items":"1","items_scroll":"1","margin":"0","speed":"500","auto_scroll":"1","pause":"3000","loop":"1","pager":"1","controls":"1","auto_height":"0","id_lang":"5","name":"Slider top","content":null,"slides":[{"entity":{"id_item":"7","id_extra_slider":"1","type":"banner","id_content":"1","position":"0"},"info":{"id_extra_banner":"1","specific_class":"slide-type-1 left","id_lang":"5","name":"Slide 1","img":"0es6FbvIUgs2ZWV2.jpg","link":"index.php?id_category=12&controller=category","content":"<div class=\"wrapper\">\r\n<h3>Respiratory <br \/>Protection<\/h3>\r\n<p>Save your and your family's health!<\/p>\r\n<p class=\"btn btn-white btn-lg\">Shop now<\/p>\r\n<\/div>","id":"1"}},{"entity":{"id_item":"8","id_extra_slider":"1","type":"banner","id_content":"2","position":"0"},"info":{"id_extra_banner":"2","specific_class":"slide-type-1 right","id_lang":"5","name":"Slide 2","img":"n2aDiOzjoIfj86LB.jpg","link":"index.php?id_category=13&controller=category","content":"<div class=\"wrapper\">\r\n<h3>Disposable<br \/>Masks<\/h3>\r\n<p>Don't miss your special offer!<\/p>\r\n<p class=\"btn btn-white btn-lg\">Shop now<\/p>\r\n<\/div>","id":"2"}},{"entity":{"id_item":"9","id_extra_slider":"1","type":"banner","id_content":"3","position":"0"},"info":{"id_extra_banner":"3","specific_class":"slide-type-1","id_lang":"5","name":"Slide 3","img":"NL8FWDpGheo8MAo7.jpg","link":"index.php?id_category=14&controller=category","content":"<div class=\"wrapper\">\r\n<h3>New<br \/>collection<\/h3>\r\n<p>Surgical Equipment<\/p>\r\n<p class=\"btn btn-white btn-lg\">Shop now<\/p>\r\n<\/div>","id":"3"}}]}},"slides":[{"id_item":"7","id_extra_slider":"1","type":"banner","id_content":"1","position":"0"},{"id_item":"8","id_extra_slider":"1","type":"banner","id_content":"2","position":"0"},{"id_item":"9","id_extra_slider":"1","type":"banner","id_content":"3","position":"0"}]}}