{"1":{"default":{"id_extra_banner":"1","specific_class":"slide-type-1 left","id_lang":"1","name":"Slide 1","img":"0es6FbvIUgs2ZWV2.jpg","link":"index.php?id_category=12&controller=category","content":"<div class=\"wrapper\">\r\n<h3>stay healthy <br \/> stay safe<\/h3>\r\n<p>Save your and your family's health!<\/p>\r\n<p class=\"btn btn-white btn-lg\">Shop now<\/p>\r\n<\/div>"},"languages":{"en":{"id_extra_banner":"1","specific_class":"slide-type-1 left","id_lang":"1","name":"Slide 1","img":"0es6FbvIUgs2ZWV2.jpg","link":"index.php?id_category=12&controller=category","content":"<div class=\"wrapper\">\r\n<h3>stay healthy <br \/> stay safe<\/h3>\r\n<p>Save your and your family's health!<\/p>\r\n<p class=\"btn btn-white btn-lg\">Shop now<\/p>\r\n<\/div>"},"de":{"id_extra_banner":"1","specific_class":"slide-type-1 left","id_lang":"2","name":"Slide 1","img":"0es6FbvIUgs2ZWV2.jpg","link":"index.php?id_category=12&controller=category","content":"<div class=\"wrapper\">\r\n<h3>stay healthy <br \/> stay safe<\/h3>\r\n<p>Save your and your family's health!<\/p>\r\n<p class=\"btn btn-white btn-lg\">Shop now<\/p>\r\n<\/div>"},"ru":{"id_extra_banner":"1","specific_class":"slide-type-1 left","id_lang":"3","name":"Slide 1","img":"0es6FbvIUgs2ZWV2.jpg","link":"index.php?id_category=12&controller=category","content":"<div class=\"wrapper\">\r\n<h3>stay healthy <br \/> stay safe<\/h3>\r\n<p>Save your and your family's health!<\/p>\r\n<p class=\"btn btn-white btn-lg\">Shop now<\/p>\r\n<\/div>"},"es":{"id_extra_banner":"1","specific_class":"slide-type-1 left","id_lang":"4","name":"Slide 1","img":"0es6FbvIUgs2ZWV2.jpg","link":"index.php?id_category=12&controller=category","content":"<div class=\"wrapper\">\r\n<h3>stay healthy <br \/> stay safe<\/h3>\r\n<p>Save your and your family's health!<\/p>\r\n<p class=\"btn btn-white btn-lg\">Shop now<\/p>\r\n<\/div>"},"fr":{"id_extra_banner":"1","specific_class":"slide-type-1 left","id_lang":"5","name":"Slide 1","img":"0es6FbvIUgs2ZWV2.jpg","link":"index.php?id_category=12&controller=category","content":"<div class=\"wrapper\">\r\n<h3>stay healthy <br \/> stay safe<\/h3>\r\n<p>Save your and your family's health!<\/p>\r\n<p class=\"btn btn-white btn-lg\">Shop now<\/p>\r\n<\/div>"}}},"2":{"default":{"id_extra_banner":"2","specific_class":"slide-type-1 right","id_lang":"1","name":"Slide 2","img":"n2aDiOzjoIfj86LB.jpg","link":"index.php?id_category=13&controller=category","content":"<div class=\"wrapper\">\r\n<h3>Disposable<br \/>Masks<\/h3>\r\n<p>Don't miss your special offer!<\/p>\r\n<p class=\"btn btn-white btn-lg\">Shop now<\/p>\r\n<\/div>"},"languages":{"en":{"id_extra_banner":"2","specific_class":"slide-type-1 right","id_lang":"1","name":"Slide 2","img":"n2aDiOzjoIfj86LB.jpg","link":"index.php?id_category=13&controller=category","content":"<div class=\"wrapper\">\r\n<h3>Disposable<br \/>Masks<\/h3>\r\n<p>Don't miss your special offer!<\/p>\r\n<p class=\"btn btn-white btn-lg\">Shop now<\/p>\r\n<\/div>"},"de":{"id_extra_banner":"2","specific_class":"slide-type-1 right","id_lang":"2","name":"Slide 2","img":"n2aDiOzjoIfj86LB.jpg","link":"index.php?id_category=13&controller=category","content":"<div class=\"wrapper\">\r\n<h3>Disposable<br \/>Masks<\/h3>\r\n<p>Don't miss your special offer!<\/p>\r\n<p class=\"btn btn-white btn-lg\">Shop now<\/p>\r\n<\/div>"},"ru":{"id_extra_banner":"2","specific_class":"slide-type-1 right","id_lang":"3","name":"Slide 2","img":"n2aDiOzjoIfj86LB.jpg","link":"index.php?id_category=13&controller=category","content":"<div class=\"wrapper\">\r\n<h3>Disposable<br \/>Masks<\/h3>\r\n<p>Don't miss your special offer!<\/p>\r\n<p class=\"btn btn-white btn-lg\">Shop now<\/p>\r\n<\/div>"},"es":{"id_extra_banner":"2","specific_class":"slide-type-1 right","id_lang":"4","name":"Slide 2","img":"n2aDiOzjoIfj86LB.jpg","link":"index.php?id_category=13&controller=category","content":"<div class=\"wrapper\">\r\n<h3>Disposable<br \/>Masks<\/h3>\r\n<p>Don't miss your special offer!<\/p>\r\n<p class=\"btn btn-white btn-lg\">Shop now<\/p>\r\n<\/div>"},"fr":{"id_extra_banner":"2","specific_class":"slide-type-1 right","id_lang":"5","name":"Slide 2","img":"n2aDiOzjoIfj86LB.jpg","link":"index.php?id_category=13&controller=category","content":"<div class=\"wrapper\">\r\n<h3>Disposable<br \/>Masks<\/h3>\r\n<p>Don't miss your special offer!<\/p>\r\n<p class=\"btn btn-white btn-lg\">Shop now<\/p>\r\n<\/div>"}}},"3":{"default":{"id_extra_banner":"3","specific_class":"slide-type-1","id_lang":"1","name":"Slide 3","img":"NL8FWDpGheo8MAo7.jpg","link":"index.php?id_category=14&controller=category","content":"<div class=\"wrapper\">\r\n<h3 class=\"text-primary\">New<br \/>collection<\/h3>\r\n<p class=\"text-primary\">Surgical Equipment<\/p>\r\n<p class=\"btn btn-white btn-lg\">Shop now<\/p>\r\n<\/div>"},"languages":{"en":{"id_extra_banner":"3","specific_class":"slide-type-1","id_lang":"1","name":"Slide 3","img":"NL8FWDpGheo8MAo7.jpg","link":"index.php?id_category=14&controller=category","content":"<div class=\"wrapper\">\r\n<h3 class=\"text-primary\">New<br \/>collection<\/h3>\r\n<p class=\"text-primary\">Surgical Equipment<\/p>\r\n<p class=\"btn btn-white btn-lg\">Shop now<\/p>\r\n<\/div>"},"de":{"id_extra_banner":"3","specific_class":"slide-type-1","id_lang":"2","name":"Slide 3","img":"NL8FWDpGheo8MAo7.jpg","link":"index.php?id_category=14&controller=category","content":"<div class=\"wrapper\">\r\n<h3 class=\"text-primary\">New<br \/>collection<\/h3>\r\n<p class=\"text-primary\">Surgical Equipment<\/p>\r\n<p class=\"btn btn-white btn-lg\">Shop now<\/p>\r\n<\/div>"},"ru":{"id_extra_banner":"3","specific_class":"slide-type-1","id_lang":"3","name":"Slide 3","img":"NL8FWDpGheo8MAo7.jpg","link":"index.php?id_category=14&controller=category","content":"<div class=\"wrapper\">\r\n<h3 class=\"text-primary\">New<br \/>collection<\/h3>\r\n<p class=\"text-primary\">Surgical Equipment<\/p>\r\n<p class=\"btn btn-white btn-lg\">Shop now<\/p>\r\n<\/div>"},"es":{"id_extra_banner":"3","specific_class":"slide-type-1","id_lang":"4","name":"Slide 3","img":"NL8FWDpGheo8MAo7.jpg","link":"index.php?id_category=14&controller=category","content":"<div class=\"wrapper\">\r\n<h3 class=\"text-primary\">New<br \/>collection<\/h3>\r\n<p class=\"text-primary\">Surgical Equipment<\/p>\r\n<p class=\"btn btn-white btn-lg\">Shop now<\/p>\r\n<\/div>"},"fr":{"id_extra_banner":"3","specific_class":"slide-type-1","id_lang":"5","name":"Slide 3","img":"NL8FWDpGheo8MAo7.jpg","link":"index.php?id_category=14&controller=category","content":"<div class=\"wrapper\">\r\n<h3 class=\"text-primary\">New<br \/>collection<\/h3>\r\n<p class=\"text-primary\">Surgical Equipment<\/p>\r\n<p class=\"btn btn-white btn-lg\">Shop now<\/p>\r\n<\/div>"}}},"4":{"default":{"id_extra_banner":"4","specific_class":"banner-type-1 center","id_lang":"1","name":"Banner 1","img":"AIPtRzUI9DxobDOP.jpg","link":"index.php?id_category=17&controller=category","content":"<h3>Medical<br \/>Gloves<\/h3>\r\n<p>Here we have a range of gloves from EMS gloves, to exam gloves, to surgical gloves.<\/p>\r\n<p class=\"btn btn-white btn-lg\">Shop now<\/p>"},"languages":{"en":{"id_extra_banner":"4","specific_class":"banner-type-1 center","id_lang":"1","name":"Banner 1","img":"AIPtRzUI9DxobDOP.jpg","link":"index.php?id_category=17&controller=category","content":"<h3>Medical<br \/>Gloves<\/h3>\r\n<p>Here we have a range of gloves from EMS gloves, to exam gloves, to surgical gloves.<\/p>\r\n<p class=\"btn btn-white btn-lg\">Shop now<\/p>"},"de":{"id_extra_banner":"4","specific_class":"banner-type-1 center","id_lang":"2","name":"Banner 1","img":"AIPtRzUI9DxobDOP.jpg","link":"index.php?id_category=17&controller=category","content":"<h3>Medical<br \/>Gloves<\/h3>\r\n<p>Here we have a range of gloves from EMS gloves, to exam gloves, to surgical gloves.<\/p>\r\n<p class=\"btn btn-white btn-lg\">Shop now<\/p>"},"ru":{"id_extra_banner":"4","specific_class":"banner-type-1 center","id_lang":"3","name":"Banner 1","img":"AIPtRzUI9DxobDOP.jpg","link":"index.php?id_category=17&controller=category","content":"<h3>Medical<br \/>Gloves<\/h3>\r\n<p>Here we have a range of gloves from EMS gloves, to exam gloves, to surgical gloves.<\/p>\r\n<p class=\"btn btn-white btn-lg\">Shop now<\/p>"},"es":{"id_extra_banner":"4","specific_class":"banner-type-1 center","id_lang":"4","name":"Banner 1","img":"AIPtRzUI9DxobDOP.jpg","link":"index.php?id_category=17&controller=category","content":"<h3>Medical<br \/>Gloves<\/h3>\r\n<p>Here we have a range of gloves from EMS gloves, to exam gloves, to surgical gloves.<\/p>\r\n<p class=\"btn btn-white btn-lg\">Shop now<\/p>"},"fr":{"id_extra_banner":"4","specific_class":"banner-type-1 center","id_lang":"5","name":"Banner 1","img":"AIPtRzUI9DxobDOP.jpg","link":"index.php?id_category=17&controller=category","content":"<h3>Medical<br \/>Gloves<\/h3>\r\n<p>Here we have a range of gloves from EMS gloves, to exam gloves, to surgical gloves.<\/p>\r\n<p class=\"btn btn-white btn-lg\">Shop now<\/p>"}}},"5":{"default":{"id_extra_banner":"5","specific_class":"banner-type-2 bg-type-1 inverse banner-sm","id_lang":"1","name":"Banner 2","img":"ja0ATIOrI2oDsS9I.jpg","link":"index.php?id_category=15&controller=category","content":"<h3>Medical<br \/>Supplies<\/h3>\r\n<p class=\"color-nero\">Happiness is when the food you want to eat, the food you should eat, and the food you do eat, are all the same food.<\/p>\r\n<p class=\"link-offset\"><a href=\"index.php?id_category=20&amp;controller=category\" class=\"link link-primary link-icon\">More<\/a><\/p>"},"languages":{"en":{"id_extra_banner":"5","specific_class":"banner-type-2 bg-type-1 inverse banner-sm","id_lang":"1","name":"Banner 2","img":"ja0ATIOrI2oDsS9I.jpg","link":"index.php?id_category=15&controller=category","content":"<h3>Medical<br \/>Supplies<\/h3>\r\n<p class=\"color-nero\">Happiness is when the food you want to eat, the food you should eat, and the food you do eat, are all the same food.<\/p>\r\n<p class=\"link-offset\"><a href=\"index.php?id_category=20&amp;controller=category\" class=\"link link-primary link-icon\">More<\/a><\/p>"},"de":{"id_extra_banner":"5","specific_class":"banner-type-2 bg-type-1 inverse banner-sm","id_lang":"2","name":"Banner 2","img":"ja0ATIOrI2oDsS9I.jpg","link":"index.php?id_category=15&controller=category","content":"<h3>Medical<br \/>Supplies<\/h3>\r\n<p class=\"color-nero\">Happiness is when the food you want to eat, the food you should eat, and the food you do eat, are all the same food.<\/p>\r\n<p class=\"link-offset\"><a href=\"index.php?id_category=20&amp;controller=category\" class=\"link link-primary link-icon\">More<\/a><\/p>"},"ru":{"id_extra_banner":"5","specific_class":"banner-type-2 bg-type-1 inverse banner-sm","id_lang":"3","name":"Banner 2","img":"ja0ATIOrI2oDsS9I.jpg","link":"index.php?id_category=15&controller=category","content":"<h3>Medical<br \/>Supplies<\/h3>\r\n<p class=\"color-nero\">Happiness is when the food you want to eat, the food you should eat, and the food you do eat, are all the same food.<\/p>\r\n<p class=\"link-offset\"><a href=\"index.php?id_category=20&amp;controller=category\" class=\"link link-primary link-icon\">More<\/a><\/p>"},"es":{"id_extra_banner":"5","specific_class":"banner-type-2 bg-type-1 inverse banner-sm","id_lang":"4","name":"Banner 2","img":"ja0ATIOrI2oDsS9I.jpg","link":"index.php?id_category=15&controller=category","content":"<h3>Medical<br \/>Supplies<\/h3>\r\n<p class=\"color-nero\">Happiness is when the food you want to eat, the food you should eat, and the food you do eat, are all the same food.<\/p>\r\n<p class=\"link-offset\"><a href=\"index.php?id_category=20&amp;controller=category\" class=\"link link-primary link-icon\">More<\/a><\/p>"},"fr":{"id_extra_banner":"5","specific_class":"banner-type-2 bg-type-1 inverse banner-sm","id_lang":"5","name":"Banner 2","img":"ja0ATIOrI2oDsS9I.jpg","link":"index.php?id_category=15&controller=category","content":"<h3>Medical<br \/>Supplies<\/h3>\r\n<p class=\"color-nero\">Happiness is when the food you want to eat, the food you should eat, and the food you do eat, are all the same food.<\/p>\r\n<p class=\"link-offset\"><a href=\"index.php?id_category=20&amp;controller=category\" class=\"link link-primary link-icon\">More<\/a><\/p>"}}},"6":{"default":{"id_extra_banner":"6","specific_class":"banner-type-5","id_lang":"1","name":"Banner 3","img":"jZ7sHCc6W1gMBBy5.jpg","link":"index.php?id_category=16&controller=category","content":"<h3>Save 5%<\/h3>\r\n<h4>on Every Order!<\/h4>\r\n<p>Medical Supplies &amp; Equipment<\/p>\r\n<p class=\"link-offset\"><a href=\"index.php?id_category=16&amp;controller=category\" class=\"link link-white link-icon\">Shop Now<\/a><\/p>"},"languages":{"en":{"id_extra_banner":"6","specific_class":"banner-type-5","id_lang":"1","name":"Banner 3","img":"jZ7sHCc6W1gMBBy5.jpg","link":"index.php?id_category=16&controller=category","content":"<h3>Save 5%<\/h3>\r\n<h4>on Every Order!<\/h4>\r\n<p>Medical Supplies &amp; Equipment<\/p>\r\n<p class=\"link-offset\"><a href=\"index.php?id_category=16&amp;controller=category\" class=\"link link-white link-icon\">Shop Now<\/a><\/p>"},"de":{"id_extra_banner":"6","specific_class":"banner-type-5","id_lang":"2","name":"Banner 3","img":"jZ7sHCc6W1gMBBy5.jpg","link":"index.php?id_category=16&controller=category","content":"<h3>Save 5%<\/h3>\r\n<h4>on Every Order!<\/h4>\r\n<p>Medical Supplies &amp; Equipment<\/p>\r\n<p class=\"link-offset\"><a href=\"index.php?id_category=16&amp;controller=category\" class=\"link link-white link-icon\">Shop Now<\/a><\/p>"},"ru":{"id_extra_banner":"6","specific_class":"banner-type-5","id_lang":"3","name":"Banner 3","img":"jZ7sHCc6W1gMBBy5.jpg","link":"index.php?id_category=16&controller=category","content":"<h3>Save 5%<\/h3>\r\n<h4>on Every Order!<\/h4>\r\n<p>Medical Supplies &amp; Equipment<\/p>\r\n<p class=\"link-offset\"><a href=\"index.php?id_category=16&amp;controller=category\" class=\"link link-white link-icon\">Shop Now<\/a><\/p>"},"es":{"id_extra_banner":"6","specific_class":"banner-type-5","id_lang":"4","name":"Banner 3","img":"jZ7sHCc6W1gMBBy5.jpg","link":"index.php?id_category=16&controller=category","content":"<h3>Save 5%<\/h3>\r\n<h4>on Every Order!<\/h4>\r\n<p>Medical Supplies &amp; Equipment<\/p>\r\n<p class=\"link-offset\"><a href=\"index.php?id_category=16&amp;controller=category\" class=\"link link-white link-icon\">Shop Now<\/a><\/p>"},"fr":{"id_extra_banner":"6","specific_class":"banner-type-5","id_lang":"5","name":"Banner 3","img":"jZ7sHCc6W1gMBBy5.jpg","link":"index.php?id_category=16&controller=category","content":"<h3>Save 5%<\/h3>\r\n<h4>on Every Order!<\/h4>\r\n<p>Medical Supplies &amp; Equipment<\/p>\r\n<p class=\"link-offset\"><a href=\"index.php?id_category=16&amp;controller=category\" class=\"link link-white link-icon\">Shop Now<\/a><\/p>"}}},"7":{"default":{"id_extra_banner":"7","specific_class":"banner-type-3","id_lang":"1","name":"Banner 4","img":"kpGdNJkFFLvKqtfH.jpg","link":"index.php?id_category=19&controller=category","content":"<h5 class=\"text-danger\">Covid-19<\/h5>\n<h3>Coronavirus <br \/> disease<\/h3>\n<p class=\"btn btn-primary btn-lg\">shop now<\/p>"},"languages":{"en":{"id_extra_banner":"7","specific_class":"banner-type-3","id_lang":"1","name":"Banner 4","img":"kpGdNJkFFLvKqtfH.jpg","link":"index.php?id_category=19&controller=category","content":"<h5 class=\"text-danger\">Covid-19<\/h5>\n<h3>Coronavirus <br \/> disease<\/h3>\n<p class=\"btn btn-primary btn-lg\">shop now<\/p>"},"de":{"id_extra_banner":"7","specific_class":"banner-type-3","id_lang":"2","name":"Banner 4","img":"5x4sQI5bxy78GJsF.jpg","link":"index.php?id_category=19&controller=category","content":"<h5 class=\"text-danger\">Covid-19<\/h5>\n<h3>Coronavirus <br \/> disease<\/h3>\n<p class=\"btn btn-primary btn-lg\">shop now<\/p>"},"ru":{"id_extra_banner":"7","specific_class":"banner-type-3","id_lang":"3","name":"Banner 4","img":"2g91deq5VZgEGtKf.jpg","link":"index.php?id_category=19&controller=category","content":"<h5 class=\"text-danger\">Covid-19<\/h5>\n<h3>Coronavirus <br \/> disease<\/h3>\n<p class=\"btn btn-primary btn-lg\">shop now<\/p>"},"es":{"id_extra_banner":"7","specific_class":"banner-type-3","id_lang":"4","name":"Banner 4","img":"RzvrIQJYusWkRRdz.jpg","link":"index.php?id_category=19&controller=category","content":"<h5 class=\"text-danger\">Covid-19<\/h5>\n<h3>Coronavirus <br \/> disease<\/h3>\n<p class=\"btn btn-primary btn-lg\">shop now<\/p>"},"fr":{"id_extra_banner":"7","specific_class":"banner-type-3","id_lang":"5","name":"Banner 4","img":"j8L0Zaikevh03SS5.jpg","link":"index.php?id_category=19&controller=category","content":"<h5 class=\"text-danger\">Covid-19<\/h5>\n<h3>Coronavirus <br \/> disease<\/h3>\n<p class=\"btn btn-primary btn-lg\">shop now<\/p>"}}},"8":{"default":{"id_extra_banner":"8","specific_class":"banner-type-1 left","id_lang":"1","name":"Banner 5","img":"9gWZfwTdDRpL7oq0.jpg","link":"index.php?id_category=23&controller=category","content":"<h4 class=\"color-white\">Respirators<\/h4>\r\n<h2 class=\"color-white\">20%<br \/>off<\/h2>\r\n<p class=\"btn btn-white btn-lg\">Shop now<\/p>"},"languages":{"en":{"id_extra_banner":"8","specific_class":"banner-type-1 left","id_lang":"1","name":"Banner 5","img":"9gWZfwTdDRpL7oq0.jpg","link":"index.php?id_category=23&controller=category","content":"<h4 class=\"color-white\">Respirators<\/h4>\r\n<h2 class=\"color-white\">20%<br \/>off<\/h2>\r\n<p class=\"btn btn-white btn-lg\">Shop now<\/p>"},"de":{"id_extra_banner":"8","specific_class":"banner-type-1 left","id_lang":"2","name":"Banner 5","img":"9gWZfwTdDRpL7oq0.jpg","link":"index.php?id_category=23&controller=category","content":"<h4 class=\"color-white\">Respirators<\/h4>\r\n<h2 class=\"color-white\">20%<br \/>off<\/h2>\r\n<p class=\"btn btn-white btn-lg\">Shop now<\/p>"},"ru":{"id_extra_banner":"8","specific_class":"banner-type-1 left","id_lang":"3","name":"Banner 5","img":"9gWZfwTdDRpL7oq0.jpg","link":"index.php?id_category=23&controller=category","content":"<h4 class=\"color-white\">Respirators<\/h4>\r\n<h2 class=\"color-white\">20%<br \/>off<\/h2>\r\n<p class=\"btn btn-white btn-lg\">Shop now<\/p>"},"es":{"id_extra_banner":"8","specific_class":"banner-type-1 left","id_lang":"4","name":"Banner 5","img":"9gWZfwTdDRpL7oq0.jpg","link":"index.php?id_category=23&controller=category","content":"<h4 class=\"color-white\">Respirators<\/h4>\r\n<h2 class=\"color-white\">20%<br \/>off<\/h2>\r\n<p class=\"btn btn-white btn-lg\">Shop now<\/p>"},"fr":{"id_extra_banner":"8","specific_class":"banner-type-1 left","id_lang":"5","name":"Banner 5","img":"9gWZfwTdDRpL7oq0.jpg","link":"index.php?id_category=23&controller=category","content":"<h4 class=\"color-white\">Respirators<\/h4>\r\n<h2 class=\"color-white\">20%<br \/>off<\/h2>\r\n<p class=\"btn btn-white btn-lg\">Shop now<\/p>"}}},"9":{"default":{"id_extra_banner":"9","specific_class":"banner-type-2 bg-type-1 left banner-md","id_lang":"1","name":"Banner 6","img":"IPRxxdIs8seZm1af.jpg","link":"index.php?id_category=20&controller=category","content":"<h3>Shoe<br \/>covers<\/h3>\r\n<p>Universal shoe covers fit most size shoes and are a must in the surgical environment.<\/p>\r\n<p class=\"link-offset\"><a href=\"index.php?id_category=20&amp;controller=category\" class=\"link link-white link-icon\">More<\/a><\/p>"},"languages":{"en":{"id_extra_banner":"9","specific_class":"banner-type-2 bg-type-1 left banner-md","id_lang":"1","name":"Banner 6","img":"IPRxxdIs8seZm1af.jpg","link":"index.php?id_category=20&controller=category","content":"<h3>Shoe<br \/>covers<\/h3>\r\n<p>Universal shoe covers fit most size shoes and are a must in the surgical environment.<\/p>\r\n<p class=\"link-offset\"><a href=\"index.php?id_category=20&amp;controller=category\" class=\"link link-white link-icon\">More<\/a><\/p>"},"de":{"id_extra_banner":"9","specific_class":"banner-type-2 bg-type-1 left banner-md","id_lang":"2","name":"Banner 6","img":"IPRxxdIs8seZm1af.jpg","link":"index.php?id_category=20&controller=category","content":"<h3>Shoe<br \/>covers<\/h3>\r\n<p>Universal shoe covers fit most size shoes and are a must in the surgical environment.<\/p>\r\n<p class=\"link-offset\"><a href=\"index.php?id_category=20&amp;controller=category\" class=\"link link-white link-icon\">More<\/a><\/p>"},"ru":{"id_extra_banner":"9","specific_class":"banner-type-2 bg-type-1 left banner-md","id_lang":"3","name":"Banner 6","img":"IPRxxdIs8seZm1af.jpg","link":"index.php?id_category=20&controller=category","content":"<h3>Shoe<br \/>covers<\/h3>\r\n<p>Universal shoe covers fit most size shoes and are a must in the surgical environment.<\/p>\r\n<p class=\"link-offset\"><a href=\"index.php?id_category=20&amp;controller=category\" class=\"link link-white link-icon\">More<\/a><\/p>"},"es":{"id_extra_banner":"9","specific_class":"banner-type-2 bg-type-1 left banner-md","id_lang":"4","name":"Banner 6","img":"IPRxxdIs8seZm1af.jpg","link":"index.php?id_category=20&controller=category","content":"<h3>Shoe<br \/>covers<\/h3>\r\n<p>Universal shoe covers fit most size shoes and are a must in the surgical environment.<\/p>\r\n<p class=\"link-offset\"><a href=\"index.php?id_category=20&amp;controller=category\" class=\"link link-white link-icon\">More<\/a><\/p>"},"fr":{"id_extra_banner":"9","specific_class":"banner-type-2 bg-type-1 left banner-md","id_lang":"5","name":"Banner 6","img":"IPRxxdIs8seZm1af.jpg","link":"index.php?id_category=20&controller=category","content":"<h3>Shoe<br \/>covers<\/h3>\r\n<p>Universal shoe covers fit most size shoes and are a must in the surgical environment.<\/p>\r\n<p class=\"link-offset\"><a href=\"index.php?id_category=20&amp;controller=category\" class=\"link link-white link-icon\">More<\/a><\/p>"}}},"10":{"default":{"id_extra_banner":"10","specific_class":"banner-type-4","id_lang":"1","name":"Banner 7","img":"mHOphGZbcqZVnhqB.jpg","link":"index.php?id_category=21&controller=category","content":null},"languages":{"en":{"id_extra_banner":"10","specific_class":"banner-type-4","id_lang":"1","name":"Banner 7","img":"mHOphGZbcqZVnhqB.jpg","link":"index.php?id_category=21&controller=category","content":null},"de":{"id_extra_banner":"10","specific_class":"banner-type-4","id_lang":"2","name":"Banner 7","img":"mHOphGZbcqZVnhqB.jpg","link":"index.php?id_category=21&controller=category","content":null},"ru":{"id_extra_banner":"10","specific_class":"banner-type-4","id_lang":"3","name":"Banner 7","img":"mHOphGZbcqZVnhqB.jpg","link":"index.php?id_category=21&controller=category","content":null},"es":{"id_extra_banner":"10","specific_class":"banner-type-4","id_lang":"4","name":"Banner 7","img":"mHOphGZbcqZVnhqB.jpg","link":"index.php?id_category=21&controller=category","content":null},"fr":{"id_extra_banner":"10","specific_class":"banner-type-4","id_lang":"5","name":"Banner 7","img":"mHOphGZbcqZVnhqB.jpg","link":"index.php?id_category=21&controller=category","content":null}}},"11":{"default":{"id_extra_banner":"11","specific_class":"banner-type-5 center","id_lang":"1","name":"Banner 8","img":"qEpD8yqB9HC8j4BM.jpg","link":"index.php?id_category=22&controller=category","content":"<h3 class=\"color-white\">Coronavirus<br \/>Medical Supplies<\/h3>\r\n<p class=\"color-white\">Many people are asking about medical supplies for the Coronavirus 2019 (COVID-19). This page highlights some commonly used medical supplies.<\/p>\r\n<p class=\"link-offset\"><a href=\"index.php?id_category=22&amp;controller=category\" class=\"link link-white link-icon color-white\">View products<\/a><\/p>"},"languages":{"en":{"id_extra_banner":"11","specific_class":"banner-type-5 center","id_lang":"1","name":"Banner 8","img":"qEpD8yqB9HC8j4BM.jpg","link":"index.php?id_category=22&controller=category","content":"<h3 class=\"color-white\">Coronavirus<br \/>Medical Supplies<\/h3>\r\n<p class=\"color-white\">Many people are asking about medical supplies for the Coronavirus 2019 (COVID-19). This page highlights some commonly used medical supplies.<\/p>\r\n<p class=\"link-offset\"><a href=\"index.php?id_category=22&amp;controller=category\" class=\"link link-white link-icon color-white\">View products<\/a><\/p>"},"de":{"id_extra_banner":"11","specific_class":"banner-type-5 center","id_lang":"2","name":"Banner 8","img":"qEpD8yqB9HC8j4BM.jpg","link":"index.php?id_category=22&controller=category","content":"<h3 class=\"color-white\">Coronavirus<br \/>Medical Supplies<\/h3>\r\n<p class=\"color-white\">Many people are asking about medical supplies for the Coronavirus 2019 (COVID-19). This page highlights some commonly used medical supplies.<\/p>\r\n<p class=\"link-offset\"><a href=\"index.php?id_category=22&amp;controller=category\" class=\"link link-white link-icon color-white\">View products<\/a><\/p>"},"ru":{"id_extra_banner":"11","specific_class":"banner-type-5 center","id_lang":"3","name":"Banner 8","img":"qEpD8yqB9HC8j4BM.jpg","link":"index.php?id_category=22&controller=category","content":"<h3 class=\"color-white\">Coronavirus<br \/>Medical Supplies<\/h3>\r\n<p class=\"color-white\">Many people are asking about medical supplies for the Coronavirus 2019 (COVID-19). This page highlights some commonly used medical supplies.<\/p>\r\n<p class=\"link-offset\"><a href=\"index.php?id_category=22&amp;controller=category\" class=\"link link-white link-icon color-white\">View products<\/a><\/p>"},"es":{"id_extra_banner":"11","specific_class":"banner-type-5 center","id_lang":"4","name":"Banner 8","img":"qEpD8yqB9HC8j4BM.jpg","link":"index.php?id_category=22&controller=category","content":"<h3 class=\"color-white\">Coronavirus<br \/>Medical Supplies<\/h3>\r\n<p class=\"color-white\">Many people are asking about medical supplies for the Coronavirus 2019 (COVID-19). This page highlights some commonly used medical supplies.<\/p>\r\n<p class=\"link-offset\"><a href=\"index.php?id_category=22&amp;controller=category\" class=\"link link-white link-icon color-white\">View products<\/a><\/p>"},"fr":{"id_extra_banner":"11","specific_class":"banner-type-5 center","id_lang":"5","name":"Banner 8","img":"qEpD8yqB9HC8j4BM.jpg","link":"index.php?id_category=22&controller=category","content":"<h3 class=\"color-white\">Coronavirus<br \/>Medical Supplies<\/h3>\r\n<p class=\"color-white\">Many people are asking about medical supplies for the Coronavirus 2019 (COVID-19). This page highlights some commonly used medical supplies.<\/p>\r\n<p class=\"link-offset\"><a href=\"index.php?id_category=22&amp;controller=category\" class=\"link link-white link-icon color-white\">View products<\/a><\/p>"}}},"12":{"default":{"id_extra_banner":"12","specific_class":"slide-type-1 left","id_lang":"1","name":"Slide 4","img":"P85vxzVCQ3hgHuVY.png","link":"index.php?id_category=12&controller=category","content":"<div class=\"wrapper\">\n<h3>Medical Equipment Store<\/h3>\n<p>Find everything for your medical equipment needs<\/p>\n<p class=\"btn btn-white btn-lg\">Shop now<\/p>\n<\/div>"},"languages":{"en":{"id_extra_banner":"12","specific_class":"slide-type-1 left","id_lang":"1","name":"Slide 4","img":"P85vxzVCQ3hgHuVY.png","link":"index.php?id_category=12&controller=category","content":"<div class=\"wrapper\">\n<h3>Medical Equipment Store<\/h3>\n<p>Find everything for your medical equipment needs<\/p>\n<p class=\"btn btn-white btn-lg\">Shop now<\/p>\n<\/div>"},"de":{"id_extra_banner":"12","specific_class":"slide-type-1 left","id_lang":"2","name":"Slide 4","img":"UbQro5jdE561uWki.png","link":"index.php?id_category=12&controller=category","content":"<div class=\"wrapper\">\n<h3>Medical Equipment Store<\/h3>\n<p>Find everything for your medical equipment needs<\/p>\n<p class=\"btn btn-white btn-lg\">Shop now<\/p>\n<\/div>"},"ru":{"id_extra_banner":"12","specific_class":"slide-type-1 left","id_lang":"3","name":"Slide 4","img":"6VVrBGsO59IA28fr.png","link":"index.php?id_category=12&controller=category","content":"<div class=\"wrapper\">\n<h3>Medical Equipment Store<\/h3>\n<p>Find everything for your medical equipment needs<\/p>\n<p class=\"btn btn-white btn-lg\">Shop now<\/p>\n<\/div>"},"es":{"id_extra_banner":"12","specific_class":"slide-type-1 left","id_lang":"4","name":"Slide 4","img":"7gkJ0aqBItE0ydbc.png","link":"index.php?id_category=12&controller=category","content":"<div class=\"wrapper\">\n<h3>Medical Equipment Store<\/h3>\n<p>Find everything for your medical equipment needs<\/p>\n<p class=\"btn btn-white btn-lg\">Shop now<\/p>\n<\/div>"},"fr":{"id_extra_banner":"12","specific_class":"slide-type-1 left","id_lang":"5","name":"Slide 4","img":"u21JWucnI8SdOdOd.png","link":"index.php?id_category=12&controller=category","content":"<div class=\"wrapper\">\n<h3>Medical Equipment Store<\/h3>\n<p>Find everything for your medical equipment needs<\/p>\n<p class=\"btn btn-white btn-lg\">Shop now<\/p>\n<\/div>"}}},"13":{"default":{"id_extra_banner":"13","specific_class":"slide-type-1 left color","id_lang":"1","name":"Slide 5","img":"gRtYymc6pnR5JaMd.png","link":"index.php?id_category=13&controller=category","content":"<div class=\"wrapper\">\n<h3>disposable masks<\/h3>\n<p>Don't miss your special offer!<\/p>\n<p class=\"btn btn-white btn-lg\">Shop now<\/p>\n<\/div>"},"languages":{"en":{"id_extra_banner":"13","specific_class":"slide-type-1 left color","id_lang":"1","name":"Slide 5","img":"gRtYymc6pnR5JaMd.png","link":"index.php?id_category=13&controller=category","content":"<div class=\"wrapper\">\n<h3>disposable masks<\/h3>\n<p>Don't miss your special offer!<\/p>\n<p class=\"btn btn-white btn-lg\">Shop now<\/p>\n<\/div>"},"de":{"id_extra_banner":"13","specific_class":"slide-type-1 left color","id_lang":"2","name":"Slide 5","img":"WG2VCGYw0th0c1IR.png","link":"index.php?id_category=13&controller=category","content":"<div class=\"wrapper\">\n<h3>disposable masks<\/h3>\n<p>Don't miss your special offer!<\/p>\n<p class=\"btn btn-white btn-lg\">Shop now<\/p>\n<\/div>"},"ru":{"id_extra_banner":"13","specific_class":"slide-type-1 left color","id_lang":"3","name":"Slide 5","img":"wsSzNwA0OB5N3ddp.png","link":"index.php?id_category=13&controller=category","content":"<div class=\"wrapper\">\n<h3>disposable masks<\/h3>\n<p>Don't miss your special offer!<\/p>\n<p class=\"btn btn-white btn-lg\">Shop now<\/p>\n<\/div>"},"es":{"id_extra_banner":"13","specific_class":"slide-type-1 left color","id_lang":"4","name":"Slide 5","img":"qrpB9EEAYcb3kT9r.png","link":"index.php?id_category=13&controller=category","content":"<div class=\"wrapper\">\n<h3>disposable masks<\/h3>\n<p>Don't miss your special offer!<\/p>\n<p class=\"btn btn-white btn-lg\">Shop now<\/p>\n<\/div>"},"fr":{"id_extra_banner":"13","specific_class":"slide-type-1 left color","id_lang":"5","name":"Slide 5","img":"K7Fku90Ey8pfMj5R.png","link":"index.php?id_category=13&controller=category","content":"<div class=\"wrapper\">\n<h3>disposable masks<\/h3>\n<p>Don't miss your special offer!<\/p>\n<p class=\"btn btn-white btn-lg\">Shop now<\/p>\n<\/div>"}}},"14":{"default":{"id_extra_banner":"14","specific_class":"banner-type-5 white","id_lang":"1","name":"Banner 10","img":"vFyFOwH852pRk1Ew.png","link":"index.php?id_category=16&controller=category","content":"<h3>Save 5%<\/h3>\n<h4>on Every Order!<\/h4>\n<p>Medical Supplies &amp; Equipment<\/p>\n<p class=\"link-offset\"><a href=\"index.php?id_category=16&amp;controller=category\" class=\"link link-white link-icon\">Shop Now<\/a><\/p>"},"languages":{"en":{"id_extra_banner":"14","specific_class":"banner-type-5 white","id_lang":"1","name":"Banner 10","img":"vFyFOwH852pRk1Ew.png","link":"index.php?id_category=16&controller=category","content":"<h3>Save 5%<\/h3>\n<h4>on Every Order!<\/h4>\n<p>Medical Supplies &amp; Equipment<\/p>\n<p class=\"link-offset\"><a href=\"index.php?id_category=16&amp;controller=category\" class=\"link link-white link-icon\">Shop Now<\/a><\/p>"},"de":{"id_extra_banner":"14","specific_class":"banner-type-5 white","id_lang":"2","name":"Banner 10","img":"NAhXeBedMk4XXcIE.png","link":"index.php?id_category=16&controller=category","content":"<h3>Save 5%<\/h3>\n<h4>on Every Order!<\/h4>\n<p>Medical Supplies &amp; Equipment<\/p>\n<p class=\"link-offset\"><a href=\"index.php?id_category=16&amp;controller=category\" class=\"link link-white link-icon\">Shop Now<\/a><\/p>"},"ru":{"id_extra_banner":"14","specific_class":"banner-type-5 white","id_lang":"3","name":"Banner 10","img":"bPT7LJ1qmB2vfnDn.png","link":"index.php?id_category=16&controller=category","content":"<h3>Save 5%<\/h3>\n<h4>on Every Order!<\/h4>\n<p>Medical Supplies &amp; Equipment<\/p>\n<p class=\"link-offset\"><a href=\"index.php?id_category=16&amp;controller=category\" class=\"link link-white link-icon\">Shop Now<\/a><\/p>"},"es":{"id_extra_banner":"14","specific_class":"banner-type-5 white","id_lang":"4","name":"Banner 10","img":"BHBot7aw7M26aORk.png","link":"index.php?id_category=16&controller=category","content":"<h3>Save 5%<\/h3>\n<h4>on Every Order!<\/h4>\n<p>Medical Supplies &amp; Equipment<\/p>\n<p class=\"link-offset\"><a href=\"index.php?id_category=16&amp;controller=category\" class=\"link link-white link-icon\">Shop Now<\/a><\/p>"},"fr":{"id_extra_banner":"14","specific_class":"banner-type-5 white","id_lang":"5","name":"Banner 10","img":"dSTzfhsXb8p77t8I.png","link":"index.php?id_category=16&controller=category","content":"<h3>Save 5%<\/h3>\n<h4>on Every Order!<\/h4>\n<p>Medical Supplies &amp; Equipment<\/p>\n<p class=\"link-offset\"><a href=\"index.php?id_category=16&amp;controller=category\" class=\"link link-white link-icon\">Shop Now<\/a><\/p>"}}},"15":{"default":{"id_extra_banner":"15","specific_class":"banner-type-1 center color","id_lang":"1","name":"Banner 11","img":"gPse4idh2PHt5Q61.png","link":"index.php?id_category=17&controller=category","content":"<h3>FFP2<br \/><span>face mask<\/span><\/h3>\n<p>All prices stated are for <strong>one mask<\/strong> only<\/p>\n<p class=\"price\"><strong>$11.99<\/strong> $13.99<\/p>\n<p class=\"btn btn-white btn-lg\">Shop now<\/p>"},"languages":{"en":{"id_extra_banner":"15","specific_class":"banner-type-1 center color","id_lang":"1","name":"Banner 11","img":"gPse4idh2PHt5Q61.png","link":"index.php?id_category=17&controller=category","content":"<h3>FFP2<br \/><span>face mask<\/span><\/h3>\n<p>All prices stated are for <strong>one mask<\/strong> only<\/p>\n<p class=\"price\"><strong>$11.99<\/strong> $13.99<\/p>\n<p class=\"btn btn-white btn-lg\">Shop now<\/p>"},"de":{"id_extra_banner":"15","specific_class":"banner-type-1 center color","id_lang":"2","name":"Banner 11","img":"Qys5XgZQFQ5zgskt.png","link":"index.php?id_category=17&controller=category","content":"<h3>FFP2<br \/><span>face mask<\/span><\/h3>\n<p>All prices stated are for <strong>one mask<\/strong> only<\/p>\n<p class=\"price\"><strong>$11.99<\/strong> $13.99<\/p>\n<p class=\"btn btn-white btn-lg\">Shop now<\/p>"},"ru":{"id_extra_banner":"15","specific_class":"banner-type-1 center color","id_lang":"3","name":"Banner 11","img":"QCuBwPhiJnnM4RfB.png","link":"index.php?id_category=17&controller=category","content":"<h3>FFP2<br \/><span>face mask<\/span><\/h3>\n<p>All prices stated are for <strong>one mask<\/strong> only<\/p>\n<p class=\"price\"><strong>$11.99<\/strong> $13.99<\/p>\n<p class=\"btn btn-white btn-lg\">Shop now<\/p>"},"es":{"id_extra_banner":"15","specific_class":"banner-type-1 center color","id_lang":"4","name":"Banner 11","img":"iwKOZbkssWeTFSJ7.png","link":"index.php?id_category=17&controller=category","content":"<h3>FFP2<br \/><span>face mask<\/span><\/h3>\n<p>All prices stated are for <strong>one mask<\/strong> only<\/p>\n<p class=\"price\"><strong>$11.99<\/strong> $13.99<\/p>\n<p class=\"btn btn-white btn-lg\">Shop now<\/p>"},"fr":{"id_extra_banner":"15","specific_class":"banner-type-1 center color","id_lang":"5","name":"Banner 11","img":"v4rWMSH16Dmjq6au.png","link":"index.php?id_category=17&controller=category","content":"<h3>FFP2<br \/><span>face mask<\/span><\/h3>\n<p>All prices stated are for <strong>one mask<\/strong> only<\/p>\n<p class=\"price\"><strong>$11.99<\/strong> $13.99<\/p>\n<p class=\"btn btn-white btn-lg\">Shop now<\/p>"}}},"16":{"default":{"id_extra_banner":"16","specific_class":"banner-type-2 bg-type-1 inverse banner-sm red","id_lang":"1","name":"Banner 12","img":"0RXJPoQmvqYLO7sm.5","link":"index.php?id_category=15&controller=category","content":"<h3>up to<br \/> 30% off<\/h3>\n<p class=\"color-nero\">Universal shoe covers fit most size shoes and are a must in the surgical environment.<\/p>\n<p class=\"link-offset\"><a href=\"index.php?id_category=20&amp;controller=category\" class=\"link link-primary link-icon\">More<\/a><\/p>"},"languages":{"en":{"id_extra_banner":"16","specific_class":"banner-type-2 bg-type-1 inverse banner-sm red","id_lang":"1","name":"Banner 12","img":"0RXJPoQmvqYLO7sm.5","link":"index.php?id_category=15&controller=category","content":"<h3>up to<br \/> 30% off<\/h3>\n<p class=\"color-nero\">Universal shoe covers fit most size shoes and are a must in the surgical environment.<\/p>\n<p class=\"link-offset\"><a href=\"index.php?id_category=20&amp;controller=category\" class=\"link link-primary link-icon\">More<\/a><\/p>"},"de":{"id_extra_banner":"16","specific_class":"banner-type-2 bg-type-1 inverse banner-sm red","id_lang":"2","name":"Banner 12","img":"9OdXPc8Hx09tStrV.5","link":"index.php?id_category=15&controller=category","content":"<h3>up to<br \/> 30% off<\/h3>\n<p class=\"color-nero\">Universal shoe covers fit most size shoes and are a must in the surgical environment.<\/p>\n<p class=\"link-offset\"><a href=\"index.php?id_category=20&amp;controller=category\" class=\"link link-primary link-icon\">More<\/a><\/p>"},"ru":{"id_extra_banner":"16","specific_class":"banner-type-2 bg-type-1 inverse banner-sm red","id_lang":"3","name":"Banner 12","img":"W5DvZcdmuwzX3ok0.5","link":"index.php?id_category=15&controller=category","content":"<h3>up to<br \/> 30% off<\/h3>\n<p class=\"color-nero\">Universal shoe covers fit most size shoes and are a must in the surgical environment.<\/p>\n<p class=\"link-offset\"><a href=\"index.php?id_category=20&amp;controller=category\" class=\"link link-primary link-icon\">More<\/a><\/p>"},"es":{"id_extra_banner":"16","specific_class":"banner-type-2 bg-type-1 inverse banner-sm red","id_lang":"4","name":"Banner 12","img":"16rwqchVY89HDSC5.5","link":"index.php?id_category=15&controller=category","content":"<h3>up to<br \/> 30% off<\/h3>\n<p class=\"color-nero\">Universal shoe covers fit most size shoes and are a must in the surgical environment.<\/p>\n<p class=\"link-offset\"><a href=\"index.php?id_category=20&amp;controller=category\" class=\"link link-primary link-icon\">More<\/a><\/p>"},"fr":{"id_extra_banner":"16","specific_class":"banner-type-2 bg-type-1 inverse banner-sm red","id_lang":"5","name":"Banner 12","img":"3W2puidkxjVQpFfw.5","link":"index.php?id_category=15&controller=category","content":"<h3>up to<br \/> 30% off<\/h3>\n<p class=\"color-nero\">Universal shoe covers fit most size shoes and are a must in the surgical environment.<\/p>\n<p class=\"link-offset\"><a href=\"index.php?id_category=20&amp;controller=category\" class=\"link link-primary link-icon\">More<\/a><\/p>"}}},"17":{"default":{"id_extra_banner":"17","specific_class":"banner-type-1 left black","id_lang":"1","name":"Banner 13","img":"EaByuy23oyYjsd3T.7","link":"index.php?id_category=23&controller=category","content":"<h4>Respirators<\/h4>\n<h2>20%<br \/>off<\/h2>\n<p class=\"btn btn-white btn-lg\">Shop now<\/p>"},"languages":{"en":{"id_extra_banner":"17","specific_class":"banner-type-1 left black","id_lang":"1","name":"Banner 13","img":"EaByuy23oyYjsd3T.7","link":"index.php?id_category=23&controller=category","content":"<h4>Respirators<\/h4>\n<h2>20%<br \/>off<\/h2>\n<p class=\"btn btn-white btn-lg\">Shop now<\/p>"},"de":{"id_extra_banner":"17","specific_class":"banner-type-1 left black","id_lang":"2","name":"Banner 13","img":"GvBLgNk0mH9ykGJy.7","link":"index.php?id_category=23&controller=category","content":"<h4>Respirators<\/h4>\n<h2>20%<br \/>off<\/h2>\n<p class=\"btn btn-white btn-lg\">Shop now<\/p>"},"ru":{"id_extra_banner":"17","specific_class":"banner-type-1 left black","id_lang":"3","name":"Banner 13","img":"LOaFdny5UYvt2M83.7","link":"index.php?id_category=23&controller=category","content":"<h4>Respirators<\/h4>\n<h2>20%<br \/>off<\/h2>\n<p class=\"btn btn-white btn-lg\">Shop now<\/p>"},"es":{"id_extra_banner":"17","specific_class":"banner-type-1 left black","id_lang":"4","name":"Banner 13","img":"09eUwUgDLAM08NRy.7","link":"index.php?id_category=23&controller=category","content":"<h4>Respirators<\/h4>\n<h2>20%<br \/>off<\/h2>\n<p class=\"btn btn-white btn-lg\">Shop now<\/p>"},"fr":{"id_extra_banner":"17","specific_class":"banner-type-1 left black","id_lang":"5","name":"Banner 13","img":"fdRjYfIp9Yi01G4s.7","link":"index.php?id_category=23&controller=category","content":"<h4>Respirators<\/h4>\n<h2>20%<br \/>off<\/h2>\n<p class=\"btn btn-white btn-lg\">Shop now<\/p>"}}},"18":{"default":{"id_extra_banner":"18","specific_class":"banner-type-5 white text-center","id_lang":"1","name":"Banner 14","img":"BIoB25r2tHIJPH0D.5","link":"index.php?id_category=20&controller=category","content":"<h3>Sale 10%<\/h3>\n<h4>protective Masks<\/h4>"},"languages":{"en":{"id_extra_banner":"18","specific_class":"banner-type-5 white text-center","id_lang":"1","name":"Banner 14","img":"BIoB25r2tHIJPH0D.5","link":"index.php?id_category=20&controller=category","content":"<h3>Sale 10%<\/h3>\n<h4>protective Masks<\/h4>"},"de":{"id_extra_banner":"18","specific_class":"banner-type-5 white text-center","id_lang":"2","name":"Banner 14","img":"drBcJZcYtQ4RUgza.5","link":"index.php?id_category=20&controller=category","content":"<h3>Sale 10%<\/h3>\n<h4>protective Masks<\/h4>"},"ru":{"id_extra_banner":"18","specific_class":"banner-type-5 white text-center","id_lang":"3","name":"Banner 14","img":"xLNnqmdWGCJNgoH2.5","link":"index.php?id_category=20&controller=category","content":"<h3>Sale 10%<\/h3>\n<h4>protective Masks<\/h4>"},"es":{"id_extra_banner":"18","specific_class":"banner-type-5 white text-center","id_lang":"4","name":"Banner 14","img":"8TunrPz9E4WEOCJH.5","link":"index.php?id_category=20&controller=category","content":"<h3>Sale 10%<\/h3>\n<h4>protective Masks<\/h4>"},"fr":{"id_extra_banner":"18","specific_class":"banner-type-5 white text-center","id_lang":"5","name":"Banner 14","img":"0p5x0pINu4SpDfVg.5","link":"index.php?id_category=20&controller=category","content":"<h3>Sale 10%<\/h3>\n<h4>protective Masks<\/h4>"}}},"19":{"default":{"id_extra_banner":"19","specific_class":"banner-type-5 cyan text-center","id_lang":"1","name":"Banner 15","img":"ELPiwc5MUfcfdvMw.2","link":"index.php?id_category=20&controller=category","content":"<h3>get your<br \/>discount<\/h3>\n<p class=\"discount\">-20% off<\/p>\n<p class=\"link-offset\"><a href=\"index.php?id_category=20&amp;controller=category\" class=\"link link-white link-icon\">More<\/a><\/p>"},"languages":{"en":{"id_extra_banner":"19","specific_class":"banner-type-5 cyan text-center","id_lang":"1","name":"Banner 15","img":"ELPiwc5MUfcfdvMw.2","link":"index.php?id_category=20&controller=category","content":"<h3>get your<br \/>discount<\/h3>\n<p class=\"discount\">-20% off<\/p>\n<p class=\"link-offset\"><a href=\"index.php?id_category=20&amp;controller=category\" class=\"link link-white link-icon\">More<\/a><\/p>"},"de":{"id_extra_banner":"19","specific_class":"banner-type-5 cyan text-center","id_lang":"2","name":"Banner 15","img":"AOPb0tpjb88Vfbuv.2","link":"index.php?id_category=20&controller=category","content":"<h3>get your<br \/>discount<\/h3>\n<p class=\"discount\">-20% off<\/p>\n<p class=\"link-offset\"><a href=\"index.php?id_category=20&amp;controller=category\" class=\"link link-white link-icon\">More<\/a><\/p>"},"ru":{"id_extra_banner":"19","specific_class":"banner-type-5 cyan text-center","id_lang":"3","name":"Banner 15","img":"CdwFDqSkg2BGWNXh.2","link":"index.php?id_category=20&controller=category","content":"<h3>get your<br \/>discount<\/h3>\n<p class=\"discount\">-20% off<\/p>\n<p class=\"link-offset\"><a href=\"index.php?id_category=20&amp;controller=category\" class=\"link link-white link-icon\">More<\/a><\/p>"},"es":{"id_extra_banner":"19","specific_class":"banner-type-5 cyan text-center","id_lang":"4","name":"Banner 15","img":"xQNqOQHkasZIHXzm.2","link":"index.php?id_category=20&controller=category","content":"<h3>get your<br \/>discount<\/h3>\n<p class=\"discount\">-20% off<\/p>\n<p class=\"link-offset\"><a href=\"index.php?id_category=20&amp;controller=category\" class=\"link link-white link-icon\">More<\/a><\/p>"},"fr":{"id_extra_banner":"19","specific_class":"banner-type-5 cyan text-center","id_lang":"5","name":"Banner 15","img":"frQa7oGDD714pPKY.2","link":"index.php?id_category=20&controller=category","content":"<h3>get your<br \/>discount<\/h3>\n<p class=\"discount\">-20% off<\/p>\n<p class=\"link-offset\"><a href=\"index.php?id_category=20&amp;controller=category\" class=\"link link-white link-icon\">More<\/a><\/p>"}}},"20":{"default":{"id_extra_banner":"20","specific_class":"banner-type-3","id_lang":"1","name":"Banner 16","img":"PVMKijIFZaLQAXaW.png","link":"index.php?id_category=19&controller=category","content":"<h5 class=\"text-danger\">Bulk Pack of 120<\/h5>\n<h3>Basic medical<br \/> Face Mask<\/h3>\n<p class=\"price\">$120.00<\/p>\n<p class=\"btn btn-primary btn-lg\">shop now<\/p>"},"languages":{"en":{"id_extra_banner":"20","specific_class":"banner-type-3","id_lang":"1","name":"Banner 16","img":"PVMKijIFZaLQAXaW.png","link":"index.php?id_category=19&controller=category","content":"<h5 class=\"text-danger\">Bulk Pack of 120<\/h5>\n<h3>Basic medical<br \/> Face Mask<\/h3>\n<p class=\"price\">$120.00<\/p>\n<p class=\"btn btn-primary btn-lg\">shop now<\/p>"},"de":{"id_extra_banner":"20","specific_class":"banner-type-3","id_lang":"2","name":"Banner 16","img":"0BF9bIgcfJXyfdtc.png","link":"index.php?id_category=19&controller=category","content":"<h5 class=\"text-danger\">Bulk Pack of 120<\/h5>\n<h3>Basic medical<br \/> Face Mask<\/h3>\n<p class=\"price\">$120.00<\/p>\n<p class=\"btn btn-primary btn-lg\">shop now<\/p>"},"ru":{"id_extra_banner":"20","specific_class":"banner-type-3","id_lang":"3","name":"Banner 16","img":"nAh6UC2BAtMG7Wug.png","link":"index.php?id_category=19&controller=category","content":"<h5 class=\"text-danger\">Bulk Pack of 120<\/h5>\n<h3>Basic medical<br \/> Face Mask<\/h3>\n<p class=\"price\">$120.00<\/p>\n<p class=\"btn btn-primary btn-lg\">shop now<\/p>"},"es":{"id_extra_banner":"20","specific_class":"banner-type-3","id_lang":"4","name":"Banner 16","img":"gJWPX2vnv5y5Oj2M.png","link":"index.php?id_category=19&controller=category","content":"<h5 class=\"text-danger\">Bulk Pack of 120<\/h5>\n<h3>Basic medical<br \/> Face Mask<\/h3>\n<p class=\"price\">$120.00<\/p>\n<p class=\"btn btn-primary btn-lg\">shop now<\/p>"},"fr":{"id_extra_banner":"20","specific_class":"banner-type-3","id_lang":"5","name":"Banner 16","img":"qy1ipTwDDnmckosX.png","link":"index.php?id_category=19&controller=category","content":"<h5 class=\"text-danger\">Bulk Pack of 120<\/h5>\n<h3>Basic medical<br \/> Face Mask<\/h3>\n<p class=\"price\">$120.00<\/p>\n<p class=\"btn btn-primary btn-lg\">shop now<\/p>"}}},"21":{"default":{"id_extra_banner":"21","specific_class":"sale_top_banner","id_lang":"1","name":"sale_top_banner","img":null,"link":"index.php?id_category=12&controller=category","content":"<h4><strong>-40%<\/strong>for Protective Face Masks<\/h4>\n<p class=\"link link-white\">Shop now<\/p>"},"languages":{"en":{"id_extra_banner":"21","specific_class":"sale_top_banner","id_lang":"1","name":"sale_top_banner","img":null,"link":"index.php?id_category=12&controller=category","content":"<h4><strong>-40%<\/strong>for Protective Face Masks<\/h4>\n<p class=\"link link-white\">Shop now<\/p>"},"de":{"id_extra_banner":"21","specific_class":"sale_top_banner","id_lang":"2","name":"sale_top_banner","img":null,"link":"index.php?id_category=12&controller=category","content":"<h4><strong>-40%<\/strong>for Protective Face Masks<\/h4>\n<p class=\"link link-white\">Shop now<\/p>"},"ru":{"id_extra_banner":"21","specific_class":"sale_top_banner","id_lang":"3","name":"sale_top_banner","img":null,"link":"index.php?id_category=12&controller=category","content":"<h4><strong>-40%<\/strong>for Protective Face Masks<\/h4>\n<p class=\"link link-white\">Shop now<\/p>"},"es":{"id_extra_banner":"21","specific_class":"sale_top_banner","id_lang":"4","name":"sale_top_banner","img":null,"link":"index.php?id_category=12&controller=category","content":"<h4><strong>-40%<\/strong>for Protective Face Masks<\/h4>\n<p class=\"link link-white\">Shop now<\/p>"},"fr":{"id_extra_banner":"21","specific_class":"sale_top_banner","id_lang":"5","name":"sale_top_banner","img":null,"link":"index.php?id_category=12&controller=category","content":"<h4><strong>-40%<\/strong>for Protective Face Masks<\/h4>\n<p class=\"link link-white\">Shop now<\/p>"}}},"22":{"default":{"id_extra_banner":"22","specific_class":"slide-type-1 left","id_lang":"1","name":"Slide 7","img":"OAZHMtCz5MYma6Cf.png","link":"index.php?id_category=12&controller=category","content":"<div class=\"wrapper\">\n<h3>save <span class=\"text-shadow\">10% <\/span><\/h3>\n<h4>for medical equipment<\/h4>\n<p>Save your and your family's health!<\/p>\n<p class=\"btn btn-white btn-lg\">Shop now<\/p>\n<\/div>"},"languages":{"en":{"id_extra_banner":"22","specific_class":"slide-type-1 left","id_lang":"1","name":"Slide 7","img":"OAZHMtCz5MYma6Cf.png","link":"index.php?id_category=12&controller=category","content":"<div class=\"wrapper\">\n<h3>save <span class=\"text-shadow\">10% <\/span><\/h3>\n<h4>for medical equipment<\/h4>\n<p>Save your and your family's health!<\/p>\n<p class=\"btn btn-white btn-lg\">Shop now<\/p>\n<\/div>"},"de":{"id_extra_banner":"22","specific_class":"slide-type-1 left","id_lang":"2","name":"Slide 7","img":"PwW6eRS6Thnqx52a.png","link":"index.php?id_category=12&controller=category","content":"<div class=\"wrapper\">\n<h3>save <span class=\"text-shadow\">10% <\/span><\/h3>\n<h4>for medical equipment<\/h4>\n<p>Save your and your family's health!<\/p>\n<p class=\"btn btn-white btn-lg\">Shop now<\/p>\n<\/div>"},"ru":{"id_extra_banner":"22","specific_class":"slide-type-1 left","id_lang":"3","name":"Slide 7","img":"EZZjbz7BSLg2qXBW.png","link":"index.php?id_category=12&controller=category","content":"<div class=\"wrapper\">\n<h3>save <span class=\"text-shadow\">10% <\/span><\/h3>\n<h4>for medical equipment<\/h4>\n<p>Save your and your family's health!<\/p>\n<p class=\"btn btn-white btn-lg\">Shop now<\/p>\n<\/div>"},"es":{"id_extra_banner":"22","specific_class":"slide-type-1 left","id_lang":"4","name":"Slide 7","img":"UXABUjQWafrOx2IK.png","link":"index.php?id_category=12&controller=category","content":"<div class=\"wrapper\">\n<h3>save <span class=\"text-shadow\">10% <\/span><\/h3>\n<h4>for medical equipment<\/h4>\n<p>Save your and your family's health!<\/p>\n<p class=\"btn btn-white btn-lg\">Shop now<\/p>\n<\/div>"},"fr":{"id_extra_banner":"22","specific_class":"slide-type-1 left","id_lang":"5","name":"Slide 7","img":"MdpUbGOYVxuZaxmZ.png","link":"index.php?id_category=12&controller=category","content":"<div class=\"wrapper\">\n<h3>save <span class=\"text-shadow\">10% <\/span><\/h3>\n<h4>for medical equipment<\/h4>\n<p>Save your and your family's health!<\/p>\n<p class=\"btn btn-white btn-lg\">Shop now<\/p>\n<\/div>"}}},"23":{"default":{"id_extra_banner":"23","specific_class":"slide-type-1 left","id_lang":"1","name":"Slide 8","img":"tyVpmfg7xV7GgUb5.png","link":"index.php?id_category=12&controller=category","content":"<div class=\"wrapper\">\n<h3>stay healthy <br \/> stay safe<\/h3>\n<p>Save your and your family's health!<\/p>\n<p class=\"btn btn-white btn-lg\">Shop now<\/p>\n<\/div>"},"languages":{"en":{"id_extra_banner":"23","specific_class":"slide-type-1 left","id_lang":"1","name":"Slide 8","img":"tyVpmfg7xV7GgUb5.png","link":"index.php?id_category=12&controller=category","content":"<div class=\"wrapper\">\n<h3>stay healthy <br \/> stay safe<\/h3>\n<p>Save your and your family's health!<\/p>\n<p class=\"btn btn-white btn-lg\">Shop now<\/p>\n<\/div>"},"de":{"id_extra_banner":"23","specific_class":"slide-type-1 left","id_lang":"2","name":"Slide 8","img":"WL0yk7dqTLIx9FpP.png","link":"index.php?id_category=12&controller=category","content":"<div class=\"wrapper\">\n<h3>stay healthy <br \/> stay safe<\/h3>\n<p>Save your and your family's health!<\/p>\n<p class=\"btn btn-white btn-lg\">Shop now<\/p>\n<\/div>"},"ru":{"id_extra_banner":"23","specific_class":"slide-type-1 left","id_lang":"3","name":"Slide 8","img":"CukEHmLNtR77H0ba.png","link":"index.php?id_category=12&controller=category","content":"<div class=\"wrapper\">\n<h3>stay healthy <br \/> stay safe<\/h3>\n<p>Save your and your family's health!<\/p>\n<p class=\"btn btn-white btn-lg\">Shop now<\/p>\n<\/div>"},"es":{"id_extra_banner":"23","specific_class":"slide-type-1 left","id_lang":"4","name":"Slide 8","img":"bfNhUVr2WrhHRuDy.png","link":"index.php?id_category=12&controller=category","content":"<div class=\"wrapper\">\n<h3>stay healthy <br \/> stay safe<\/h3>\n<p>Save your and your family's health!<\/p>\n<p class=\"btn btn-white btn-lg\">Shop now<\/p>\n<\/div>"},"fr":{"id_extra_banner":"23","specific_class":"slide-type-1 left","id_lang":"5","name":"Slide 8","img":"no4pXa541qoTtK4m.png","link":"index.php?id_category=12&controller=category","content":"<div class=\"wrapper\">\n<h3>stay healthy <br \/> stay safe<\/h3>\n<p>Save your and your family's health!<\/p>\n<p class=\"btn btn-white btn-lg\">Shop now<\/p>\n<\/div>"}}},"24":{"default":{"id_extra_banner":"24","specific_class":"slide-type-1 left","id_lang":"1","name":"Slider 9","img":"AdtjTi3RSQRYz8kH.png","link":"index.php?id_category=12&controller=category","content":"<div class=\"wrapper\">\n<h3>disposable<br \/> masks<\/h3>\n<p>Don't miss your special offer!<\/p>\n<p class=\"btn btn-white btn-lg\">Shop now<\/p>\n<\/div>"},"languages":{"en":{"id_extra_banner":"24","specific_class":"slide-type-1 left","id_lang":"1","name":"Slider 9","img":"AdtjTi3RSQRYz8kH.png","link":"index.php?id_category=12&controller=category","content":"<div class=\"wrapper\">\n<h3>disposable<br \/> masks<\/h3>\n<p>Don't miss your special offer!<\/p>\n<p class=\"btn btn-white btn-lg\">Shop now<\/p>\n<\/div>"},"de":{"id_extra_banner":"24","specific_class":"slide-type-1 left","id_lang":"2","name":"Slider 9","img":"3DX2fsvCekPeTDF0.png","link":"index.php?id_category=12&controller=category","content":"<div class=\"wrapper\">\n<h3>disposable<br \/> masks<\/h3>\n<p>Don't miss your special offer!<\/p>\n<p class=\"btn btn-white btn-lg\">Shop now<\/p>\n<\/div>"},"ru":{"id_extra_banner":"24","specific_class":"slide-type-1 left","id_lang":"3","name":"Slider 9","img":"2jK2I9aaD84Q8Rrj.png","link":"index.php?id_category=12&controller=category","content":"<div class=\"wrapper\">\n<h3>disposable<br \/> masks<\/h3>\n<p>Don't miss your special offer!<\/p>\n<p class=\"btn btn-white btn-lg\">Shop now<\/p>\n<\/div>"},"es":{"id_extra_banner":"24","specific_class":"slide-type-1 left","id_lang":"4","name":"Slider 9","img":"2i2zo26fhi7tF9Jb.png","link":"index.php?id_category=12&controller=category","content":"<div class=\"wrapper\">\n<h3>disposable<br \/> masks<\/h3>\n<p>Don't miss your special offer!<\/p>\n<p class=\"btn btn-white btn-lg\">Shop now<\/p>\n<\/div>"},"fr":{"id_extra_banner":"24","specific_class":"slide-type-1 left","id_lang":"5","name":"Slider 9","img":"CMMjoHEoseTMXoju.png","link":"index.php?id_category=12&controller=category","content":"<div class=\"wrapper\">\n<h3>disposable<br \/> masks<\/h3>\n<p>Don't miss your special offer!<\/p>\n<p class=\"btn btn-white btn-lg\">Shop now<\/p>\n<\/div>"}}},"25":{"default":{"id_extra_banner":"25","specific_class":"banner-type-1 center color","id_lang":"1","name":"Banner 17","img":"OVCHewLm6wuXVZj4.png","link":"index.php?id_category=17&controller=category","content":"<h3>FFP2<br \/><span>face mask<\/span><\/h3>\n<p>All prices stated are for <strong>one mask<\/strong> only<\/p>\n<p class=\"price\"><strong>$11.99<\/strong> $13.99<\/p>"},"languages":{"en":{"id_extra_banner":"25","specific_class":"banner-type-1 center color","id_lang":"1","name":"Banner 17","img":"OVCHewLm6wuXVZj4.png","link":"index.php?id_category=17&controller=category","content":"<h3>FFP2<br \/><span>face mask<\/span><\/h3>\n<p>All prices stated are for <strong>one mask<\/strong> only<\/p>\n<p class=\"price\"><strong>$11.99<\/strong> $13.99<\/p>"},"de":{"id_extra_banner":"25","specific_class":"banner-type-1 center color","id_lang":"2","name":"Banner 17","img":"cDQfrhCtWowOuW6S.png","link":"index.php?id_category=17&controller=category","content":"<h3>FFP2<br \/><span>face mask<\/span><\/h3>\n<p>All prices stated are for <strong>one mask<\/strong> only<\/p>\n<p class=\"price\"><strong>$11.99<\/strong> $13.99<\/p>"},"ru":{"id_extra_banner":"25","specific_class":"banner-type-1 center color","id_lang":"3","name":"Banner 17","img":"eCLUyZS1sC1Zx0Ka.png","link":"index.php?id_category=17&controller=category","content":"<h3>FFP2<br \/><span>face mask<\/span><\/h3>\n<p>All prices stated are for <strong>one mask<\/strong> only<\/p>\n<p class=\"price\"><strong>$11.99<\/strong> $13.99<\/p>"},"es":{"id_extra_banner":"25","specific_class":"banner-type-1 center color","id_lang":"4","name":"Banner 17","img":"ASN2RZxI20TzOOLj.png","link":"index.php?id_category=17&controller=category","content":"<h3>FFP2<br \/><span>face mask<\/span><\/h3>\n<p>All prices stated are for <strong>one mask<\/strong> only<\/p>\n<p class=\"price\"><strong>$11.99<\/strong> $13.99<\/p>"},"fr":{"id_extra_banner":"25","specific_class":"banner-type-1 center color","id_lang":"5","name":"Banner 17","img":"F313pU0SvT06QvQs.png","link":"index.php?id_category=17&controller=category","content":"<h3>FFP2<br \/><span>face mask<\/span><\/h3>\n<p>All prices stated are for <strong>one mask<\/strong> only<\/p>\n<p class=\"price\"><strong>$11.99<\/strong> $13.99<\/p>"}}},"26":{"default":{"id_extra_banner":"26","specific_class":"banner-type-1 left black","id_lang":"1","name":"Banner 18","img":"rxO1wKQJe5QvktDb.7","link":"index.php?id_category=23&controller=category","content":"<h4>Respirators<\/h4>\n<h2>20%<br \/>off<\/h2>\n<p class=\"btn btn-white btn-lg\">Shop now<\/p>"},"languages":{"en":{"id_extra_banner":"26","specific_class":"banner-type-1 left black","id_lang":"1","name":"Banner 18","img":"rxO1wKQJe5QvktDb.7","link":"index.php?id_category=23&controller=category","content":"<h4>Respirators<\/h4>\n<h2>20%<br \/>off<\/h2>\n<p class=\"btn btn-white btn-lg\">Shop now<\/p>"},"de":{"id_extra_banner":"26","specific_class":"banner-type-1 left black","id_lang":"2","name":"Banner 18","img":"2hDY7GybfEZBqWfA.7","link":"index.php?id_category=23&controller=category","content":"<h4>Respirators<\/h4>\n<h2>20%<br \/>off<\/h2>\n<p class=\"btn btn-white btn-lg\">Shop now<\/p>"},"ru":{"id_extra_banner":"26","specific_class":"banner-type-1 left black","id_lang":"3","name":"Banner 18","img":"WQD3e6FcYvv1JscP.7","link":"index.php?id_category=23&controller=category","content":"<h4>Respirators<\/h4>\n<h2>20%<br \/>off<\/h2>\n<p class=\"btn btn-white btn-lg\">Shop now<\/p>"},"es":{"id_extra_banner":"26","specific_class":"banner-type-1 left black","id_lang":"4","name":"Banner 18","img":"JgYsZvoikBGYq0zd.7","link":"index.php?id_category=23&controller=category","content":"<h4>Respirators<\/h4>\n<h2>20%<br \/>off<\/h2>\n<p class=\"btn btn-white btn-lg\">Shop now<\/p>"},"fr":{"id_extra_banner":"26","specific_class":"banner-type-1 left black","id_lang":"5","name":"Banner 18","img":"eFJ25Q8SFg2xQnSk.7","link":"index.php?id_category=23&controller=category","content":"<h4>Respirators<\/h4>\n<h2>20%<br \/>off<\/h2>\n<p class=\"btn btn-white btn-lg\">Shop now<\/p>"}}},"27":{"default":{"id_extra_banner":"27","specific_class":"banner-type-5 white","id_lang":"1","name":"Banner 19","img":"EY3kF2BpndfSVtNQ.1","link":"index.php?id_category=16&controller=category","content":"<h3>Save 5%<\/h3>\n<h4>on Every Order!<\/h4>\n<p class=\"link-offset\"><a href=\"index.php?id_category=16&amp;controller=category\" class=\"link link-white link-icon\">Shop Now<\/a><\/p>"},"languages":{"en":{"id_extra_banner":"27","specific_class":"banner-type-5 white","id_lang":"1","name":"Banner 19","img":"EY3kF2BpndfSVtNQ.1","link":"index.php?id_category=16&controller=category","content":"<h3>Save 5%<\/h3>\n<h4>on Every Order!<\/h4>\n<p class=\"link-offset\"><a href=\"index.php?id_category=16&amp;controller=category\" class=\"link link-white link-icon\">Shop Now<\/a><\/p>"},"de":{"id_extra_banner":"27","specific_class":"banner-type-5 white","id_lang":"2","name":"Banner 19","img":"I2JmTVyCW6uZrKj5.1","link":"index.php?id_category=16&controller=category","content":"<h3>Save 5%<\/h3>\n<h4>on Every Order!<\/h4>\n<p class=\"link-offset\"><a href=\"index.php?id_category=16&amp;controller=category\" class=\"link link-white link-icon\">Shop Now<\/a><\/p>"},"ru":{"id_extra_banner":"27","specific_class":"banner-type-5 white","id_lang":"3","name":"Banner 19","img":"Gb77c5dMMuh43MqJ.1","link":"index.php?id_category=16&controller=category","content":"<h3>Save 5%<\/h3>\n<h4>on Every Order!<\/h4>\n<p class=\"link-offset\"><a href=\"index.php?id_category=16&amp;controller=category\" class=\"link link-white link-icon\">Shop Now<\/a><\/p>"},"es":{"id_extra_banner":"27","specific_class":"banner-type-5 white","id_lang":"4","name":"Banner 19","img":"bdQvnEOWMFNzwxbO.1","link":"index.php?id_category=16&controller=category","content":"<h3>Save 5%<\/h3>\n<h4>on Every Order!<\/h4>\n<p class=\"link-offset\"><a href=\"index.php?id_category=16&amp;controller=category\" class=\"link link-white link-icon\">Shop Now<\/a><\/p>"},"fr":{"id_extra_banner":"27","specific_class":"banner-type-5 white","id_lang":"5","name":"Banner 19","img":"gYg7PbGSZRRY82At.1","link":"index.php?id_category=16&controller=category","content":"<h3>Save 5%<\/h3>\n<h4>on Every Order!<\/h4>\n<p class=\"link-offset\"><a href=\"index.php?id_category=16&amp;controller=category\" class=\"link link-white link-icon\">Shop Now<\/a><\/p>"}}},"28":{"default":{"id_extra_banner":"28","specific_class":"banner-type-5 text-center","id_lang":"1","name":"Banner 20","img":"PkpMvFfBQNLb2Ox0.5","link":"index.php?id_category=20&controller=category","content":"<h3><span class=\"color\">Sale<\/span> 20%<\/h3>\n<h4>protective Gloves<\/h4>"},"languages":{"en":{"id_extra_banner":"28","specific_class":"banner-type-5 text-center","id_lang":"1","name":"Banner 20","img":"PkpMvFfBQNLb2Ox0.5","link":"index.php?id_category=20&controller=category","content":"<h3><span class=\"color\">Sale<\/span> 20%<\/h3>\n<h4>protective Gloves<\/h4>"},"de":{"id_extra_banner":"28","specific_class":"banner-type-5 text-center","id_lang":"2","name":"Banner 20","img":"yqaHvwiV0xEQeyU6.5","link":"index.php?id_category=20&controller=category","content":"<h3><span class=\"color\">Sale<\/span> 20%<\/h3>\n<h4>protective Gloves<\/h4>"},"ru":{"id_extra_banner":"28","specific_class":"banner-type-5 text-center","id_lang":"3","name":"Banner 20","img":"yzprvqw6c9LTp3N6.5","link":"index.php?id_category=20&controller=category","content":"<h3><span class=\"color\">Sale<\/span> 20%<\/h3>\n<h4>protective Gloves<\/h4>"},"es":{"id_extra_banner":"28","specific_class":"banner-type-5 text-center","id_lang":"4","name":"Banner 20","img":"JQsyD8Mt28aX6DU4.5","link":"index.php?id_category=20&controller=category","content":"<h3><span class=\"color\">Sale<\/span> 20%<\/h3>\n<h4>protective Gloves<\/h4>"},"fr":{"id_extra_banner":"28","specific_class":"banner-type-5 text-center","id_lang":"5","name":"Banner 20","img":"mMJqGr63FWmjxArp.5","link":"index.php?id_category=20&controller=category","content":"<h3><span class=\"color\">Sale<\/span> 20%<\/h3>\n<h4>protective Gloves<\/h4>"}}},"29":{"default":{"id_extra_banner":"29","specific_class":"banner-type-5 cyan text-center","id_lang":"1","name":"Banner 21","img":"0VqkGgAnjBM8fkJO.2","link":"index.php?id_category=20&controller=category","content":"<h3>get your<br \/>discount<\/h3>\n<p class=\"discount\">-20% off<\/p>\n<p class=\"link-offset\"><a href=\"index.php?id_category=20&amp;controller=category\" class=\"link link-white link-icon\">More<\/a><\/p>"},"languages":{"en":{"id_extra_banner":"29","specific_class":"banner-type-5 cyan text-center","id_lang":"1","name":"Banner 21","img":"0VqkGgAnjBM8fkJO.2","link":"index.php?id_category=20&controller=category","content":"<h3>get your<br \/>discount<\/h3>\n<p class=\"discount\">-20% off<\/p>\n<p class=\"link-offset\"><a href=\"index.php?id_category=20&amp;controller=category\" class=\"link link-white link-icon\">More<\/a><\/p>"},"de":{"id_extra_banner":"29","specific_class":"banner-type-5 cyan text-center","id_lang":"2","name":"Banner 21","img":"RwRJE6EwUq3z2o5Z.2","link":"index.php?id_category=20&controller=category","content":"<h3>get your<br \/>discount<\/h3>\n<p class=\"discount\">-20% off<\/p>\n<p class=\"link-offset\"><a href=\"index.php?id_category=20&amp;controller=category\" class=\"link link-white link-icon\">More<\/a><\/p>"},"ru":{"id_extra_banner":"29","specific_class":"banner-type-5 cyan text-center","id_lang":"3","name":"Banner 21","img":"dS6RJIQn6dJHZ9Tf.2","link":"index.php?id_category=20&controller=category","content":"<h3>get your<br \/>discount<\/h3>\n<p class=\"discount\">-20% off<\/p>\n<p class=\"link-offset\"><a href=\"index.php?id_category=20&amp;controller=category\" class=\"link link-white link-icon\">More<\/a><\/p>"},"es":{"id_extra_banner":"29","specific_class":"banner-type-5 cyan text-center","id_lang":"4","name":"Banner 21","img":"rOcK1p2BIsEnhtDH.2","link":"index.php?id_category=20&controller=category","content":"<h3>get your<br \/>discount<\/h3>\n<p class=\"discount\">-20% off<\/p>\n<p class=\"link-offset\"><a href=\"index.php?id_category=20&amp;controller=category\" class=\"link link-white link-icon\">More<\/a><\/p>"},"fr":{"id_extra_banner":"29","specific_class":"banner-type-5 cyan text-center","id_lang":"5","name":"Banner 21","img":"oery5D8iDxUUg5x8.2","link":"index.php?id_category=20&controller=category","content":"<h3>get your<br \/>discount<\/h3>\n<p class=\"discount\">-20% off<\/p>\n<p class=\"link-offset\"><a href=\"index.php?id_category=20&amp;controller=category\" class=\"link link-white link-icon\">More<\/a><\/p>"}}}}