{"1":{"default":{"id_extra_html":"1","specific_class":"is-empty-wrapper","id_lang":"1","name":"Example-empty","content":null},"languages":{"en":{"id_extra_html":"1","specific_class":"is-empty-wrapper","id_lang":"1","name":"Example-empty","content":null},"de":false,"ru":false,"es":false,"fr":false}},"2":{"default":{"id_extra_html":"2","specific_class":"html-block","id_lang":"1","name":"About store","content":"<p>The mission of our store is to change the world: we want to make vegan the new normal by providing an easy and convenient way to shop. So if you are looking for a fresh alternative to milk or a spicy organic steak, we are your first and right choice.<\/p>"},"languages":{"en":{"id_extra_html":"2","specific_class":"html-block","id_lang":"1","name":"About store","content":"<p>The mission of our store is to change the world: we want to make vegan the new normal by providing an easy and convenient way to shop. So if you are looking for a fresh alternative to milk or a spicy organic steak, we are your first and right choice.<\/p>"},"de":{"id_extra_html":"2","specific_class":"html-block","id_lang":"2","name":"About store","content":"<p>The mission of our store is to change the world: we want to make vegan the new normal by providing an easy and convenient way to shop. So if you are looking for a fresh alternative to milk or a spicy organic steak, we are your first and right choice.<\/p>"},"ru":{"id_extra_html":"2","specific_class":"html-block","id_lang":"3","name":"About store","content":"<p>The mission of our store is to change the world: we want to make vegan the new normal by providing an easy and convenient way to shop. So if you are looking for a fresh alternative to milk or a spicy organic steak, we are your first and right choice.<\/p>"},"es":{"id_extra_html":"2","specific_class":"html-block","id_lang":"4","name":"About store","content":"<p>The mission of our store is to change the world: we want to make vegan the new normal by providing an easy and convenient way to shop. So if you are looking for a fresh alternative to milk or a spicy organic steak, we are your first and right choice.<\/p>"},"fr":{"id_extra_html":"2","specific_class":"html-block","id_lang":"5","name":"About store","content":"<p>The mission of our store is to change the world: we want to make vegan the new normal by providing an easy and convenient way to shop. So if you are looking for a fresh alternative to milk or a spicy organic steak, we are your first and right choice.<\/p>"}}},"3":{"default":{"id_extra_html":"3","specific_class":"html-cms-block","id_lang":"1","name":"Cms block","content":"<ul class=\"d-flex flex-column\"><li class=\"d-flex\"><i class=\"material-icons-autorenew\"><\/i>\r\n<div class=\"block-right\">\r\n<h3><a href=\"index.php?id_cms=2&amp;controller=cms\">Return &amp; Exchange<\/a><\/h3>\r\n<p>You can return or exchange the item within 30 days<\/p>\r\n<\/div>\r\n<\/li>\r\n<li class=\"d-flex\"><i class=\"material-icons-verified_user\"><\/i>\r\n<div class=\"block-right\">\r\n<h3><a href=\"index.php?id_cms=6&amp;controller=cms\">100% Quality Guarantee<\/a><\/h3>\r\n<p>No MOQ, Customize Production Acceptable<\/p>\r\n<\/div>\r\n<\/li>\r\n<li class=\"d-flex\"><i class=\"material-icons-time_to_leave\"><\/i>\r\n<div class=\"block-right\">\r\n<h3><a href=\"index.php?id_cms=1&amp;controller=cms\">Free Delivery<\/a><\/h3>\r\n<p>Free delivery on orders of $200 and more.<\/p>\r\n<\/div>\r\n<\/li>\r\n<li class=\"d-flex\"><i class=\"material-icons-headset_mic\"><\/i>\r\n<div class=\"block-right\">\r\n<h3><a href=\"index.php?id_cms=8&amp;controller=cms\">+3(800) 2345-6789<\/a><\/h3>\r\n<p>Round-the-clock free hotline (24\/7)<\/p>\r\n<\/div>\r\n<\/li>\r\n<\/ul>"},"languages":{"en":{"id_extra_html":"3","specific_class":"html-cms-block","id_lang":"1","name":"Cms block","content":"<ul class=\"d-flex flex-column\"><li class=\"d-flex\"><i class=\"material-icons-autorenew\"><\/i>\r\n<div class=\"block-right\">\r\n<h3><a href=\"index.php?id_cms=2&amp;controller=cms\">Return &amp; Exchange<\/a><\/h3>\r\n<p>You can return or exchange the item within 30 days<\/p>\r\n<\/div>\r\n<\/li>\r\n<li class=\"d-flex\"><i class=\"material-icons-verified_user\"><\/i>\r\n<div class=\"block-right\">\r\n<h3><a href=\"index.php?id_cms=6&amp;controller=cms\">100% Quality Guarantee<\/a><\/h3>\r\n<p>No MOQ, Customize Production Acceptable<\/p>\r\n<\/div>\r\n<\/li>\r\n<li class=\"d-flex\"><i class=\"material-icons-time_to_leave\"><\/i>\r\n<div class=\"block-right\">\r\n<h3><a href=\"index.php?id_cms=1&amp;controller=cms\">Free Delivery<\/a><\/h3>\r\n<p>Free delivery on orders of $200 and more.<\/p>\r\n<\/div>\r\n<\/li>\r\n<li class=\"d-flex\"><i class=\"material-icons-headset_mic\"><\/i>\r\n<div class=\"block-right\">\r\n<h3><a href=\"index.php?id_cms=8&amp;controller=cms\">+3(800) 2345-6789<\/a><\/h3>\r\n<p>Round-the-clock free hotline (24\/7)<\/p>\r\n<\/div>\r\n<\/li>\r\n<\/ul>"},"de":{"id_extra_html":"3","specific_class":"html-cms-block","id_lang":"2","name":"Cms block","content":"<ul class=\"d-flex flex-column\"><li class=\"d-flex\"><i class=\"material-icons-autorenew\"><\/i>\r\n<div class=\"block-right\">\r\n<h3><a href=\"index.php?id_cms=2&amp;controller=cms\">Return &amp; Exchange<\/a><\/h3>\r\n<p>You can return or exchange the item within 30 days<\/p>\r\n<\/div>\r\n<\/li>\r\n<li class=\"d-flex\"><i class=\"material-icons-verified_user\"><\/i>\r\n<div class=\"block-right\">\r\n<h3><a href=\"index.php?id_cms=6&amp;controller=cms\">100% Quality Guarantee<\/a><\/h3>\r\n<p>No MOQ, Customize Production Acceptable<\/p>\r\n<\/div>\r\n<\/li>\r\n<li class=\"d-flex\"><i class=\"material-icons-time_to_leave\"><\/i>\r\n<div class=\"block-right\">\r\n<h3><a href=\"index.php?id_cms=1&amp;controller=cms\">Free Delivery<\/a><\/h3>\r\n<p>Free delivery on orders of $200 and more.<\/p>\r\n<\/div>\r\n<\/li>\r\n<li class=\"d-flex\"><i class=\"material-icons-headset_mic\"><\/i>\r\n<div class=\"block-right\">\r\n<h3><a href=\"index.php?id_cms=8&amp;controller=cms\">+3(800) 2345-6789<\/a><\/h3>\r\n<p>Round-the-clock free hotline (24\/7)<\/p>\r\n<\/div>\r\n<\/li>\r\n<\/ul>"},"ru":{"id_extra_html":"3","specific_class":"html-cms-block","id_lang":"3","name":"Cms block","content":"<ul class=\"d-flex flex-column\"><li class=\"d-flex\"><i class=\"material-icons-autorenew\"><\/i>\r\n<div class=\"block-right\">\r\n<h3><a href=\"index.php?id_cms=2&amp;controller=cms\">Return &amp; Exchange<\/a><\/h3>\r\n<p>You can return or exchange the item within 30 days<\/p>\r\n<\/div>\r\n<\/li>\r\n<li class=\"d-flex\"><i class=\"material-icons-verified_user\"><\/i>\r\n<div class=\"block-right\">\r\n<h3><a href=\"index.php?id_cms=6&amp;controller=cms\">100% Quality Guarantee<\/a><\/h3>\r\n<p>No MOQ, Customize Production Acceptable<\/p>\r\n<\/div>\r\n<\/li>\r\n<li class=\"d-flex\"><i class=\"material-icons-time_to_leave\"><\/i>\r\n<div class=\"block-right\">\r\n<h3><a href=\"index.php?id_cms=1&amp;controller=cms\">Free Delivery<\/a><\/h3>\r\n<p>Free delivery on orders of $200 and more.<\/p>\r\n<\/div>\r\n<\/li>\r\n<li class=\"d-flex\"><i class=\"material-icons-headset_mic\"><\/i>\r\n<div class=\"block-right\">\r\n<h3><a href=\"index.php?id_cms=8&amp;controller=cms\">+3(800) 2345-6789<\/a><\/h3>\r\n<p>Round-the-clock free hotline (24\/7)<\/p>\r\n<\/div>\r\n<\/li>\r\n<\/ul>"},"es":{"id_extra_html":"3","specific_class":"html-cms-block","id_lang":"4","name":"Cms block","content":"<ul class=\"d-flex flex-column\"><li class=\"d-flex\"><i class=\"material-icons-autorenew\"><\/i>\r\n<div class=\"block-right\">\r\n<h3><a href=\"index.php?id_cms=2&amp;controller=cms\">Return &amp; Exchange<\/a><\/h3>\r\n<p>You can return or exchange the item within 30 days<\/p>\r\n<\/div>\r\n<\/li>\r\n<li class=\"d-flex\"><i class=\"material-icons-verified_user\"><\/i>\r\n<div class=\"block-right\">\r\n<h3><a href=\"index.php?id_cms=6&amp;controller=cms\">100% Quality Guarantee<\/a><\/h3>\r\n<p>No MOQ, Customize Production Acceptable<\/p>\r\n<\/div>\r\n<\/li>\r\n<li class=\"d-flex\"><i class=\"material-icons-time_to_leave\"><\/i>\r\n<div class=\"block-right\">\r\n<h3><a href=\"index.php?id_cms=1&amp;controller=cms\">Free Delivery<\/a><\/h3>\r\n<p>Free delivery on orders of $200 and more.<\/p>\r\n<\/div>\r\n<\/li>\r\n<li class=\"d-flex\"><i class=\"material-icons-headset_mic\"><\/i>\r\n<div class=\"block-right\">\r\n<h3><a href=\"index.php?id_cms=8&amp;controller=cms\">+3(800) 2345-6789<\/a><\/h3>\r\n<p>Round-the-clock free hotline (24\/7)<\/p>\r\n<\/div>\r\n<\/li>\r\n<\/ul>"},"fr":{"id_extra_html":"3","specific_class":"html-cms-block","id_lang":"5","name":"Cms block","content":"<ul class=\"d-flex flex-column\"><li class=\"d-flex\"><i class=\"material-icons-autorenew\"><\/i>\r\n<div class=\"block-right\">\r\n<h3><a href=\"index.php?id_cms=2&amp;controller=cms\">Return &amp; Exchange<\/a><\/h3>\r\n<p>You can return or exchange the item within 30 days<\/p>\r\n<\/div>\r\n<\/li>\r\n<li class=\"d-flex\"><i class=\"material-icons-verified_user\"><\/i>\r\n<div class=\"block-right\">\r\n<h3><a href=\"index.php?id_cms=6&amp;controller=cms\">100% Quality Guarantee<\/a><\/h3>\r\n<p>No MOQ, Customize Production Acceptable<\/p>\r\n<\/div>\r\n<\/li>\r\n<li class=\"d-flex\"><i class=\"material-icons-time_to_leave\"><\/i>\r\n<div class=\"block-right\">\r\n<h3><a href=\"index.php?id_cms=1&amp;controller=cms\">Free Delivery<\/a><\/h3>\r\n<p>Free delivery on orders of $200 and more.<\/p>\r\n<\/div>\r\n<\/li>\r\n<li class=\"d-flex\"><i class=\"material-icons-headset_mic\"><\/i>\r\n<div class=\"block-right\">\r\n<h3><a href=\"index.php?id_cms=8&amp;controller=cms\">+3(800) 2345-6789<\/a><\/h3>\r\n<p>Round-the-clock free hotline (24\/7)<\/p>\r\n<\/div>\r\n<\/li>\r\n<\/ul>"}}}}