{"1":{"default":{"id_extra_slider":"1","specific_class":"slider-type-1","visible_items":"1","items_scroll":"1","margin":"0","speed":"500","auto_scroll":"1","pause":"3000","loop":"1","pager":"1","controls":"1","auto_height":"0","id_lang":"1","name":"Slider top","content":null,"slides":[{"entity":{"id_item":"7","id_extra_slider":"1","type":"banner","id_content":"1","position":"0"},"info":{"id_extra_banner":"1","specific_class":"slide-type-1 left","id_lang":"1","name":"Slide 1","img":"0es6FbvIUgs2ZWV2.jpg","link":"index.php?id_category=12&controller=category","content":"<div class=\"wrapper\">\r\n<h3>stay healthy <br \/> stay safe<\/h3>\r\n<p>Save your and your family's health!<\/p>\r\n<p class=\"btn btn-white btn-lg\">Shop now<\/p>\r\n<\/div>","id":"1"}},{"entity":{"id_item":"8","id_extra_slider":"1","type":"banner","id_content":"2","position":"0"},"info":{"id_extra_banner":"2","specific_class":"slide-type-1 right","id_lang":"1","name":"Slide 2","img":"n2aDiOzjoIfj86LB.jpg","link":"index.php?id_category=13&controller=category","content":"<div class=\"wrapper\">\r\n<h3>Disposable<br \/>Masks<\/h3>\r\n<p>Don't miss your special offer!<\/p>\r\n<p class=\"btn btn-white btn-lg\">Shop now<\/p>\r\n<\/div>","id":"2"}},{"entity":{"id_item":"9","id_extra_slider":"1","type":"banner","id_content":"3","position":"0"},"info":{"id_extra_banner":"3","specific_class":"slide-type-1","id_lang":"1","name":"Slide 3","img":"NL8FWDpGheo8MAo7.jpg","link":"index.php?id_category=14&controller=category","content":"<div class=\"wrapper\">\r\n<h3 class=\"text-primary\">New<br \/>collection<\/h3>\r\n<p class=\"text-primary\">Surgical Equipment<\/p>\r\n<p class=\"btn btn-white btn-lg\">Shop now<\/p>\r\n<\/div>","id":"3"}}]},"languages":{"en":{"id_extra_slider":"1","specific_class":"slider-type-1","visible_items":"1","items_scroll":"1","margin":"0","speed":"500","auto_scroll":"1","pause":"3000","loop":"1","pager":"1","controls":"1","auto_height":"0","id_lang":"1","name":"Slider top","content":null,"slides":[{"entity":{"id_item":"7","id_extra_slider":"1","type":"banner","id_content":"1","position":"0"},"info":{"id_extra_banner":"1","specific_class":"slide-type-1 left","id_lang":"1","name":"Slide 1","img":"0es6FbvIUgs2ZWV2.jpg","link":"index.php?id_category=12&controller=category","content":"<div class=\"wrapper\">\r\n<h3>stay healthy <br \/> stay safe<\/h3>\r\n<p>Save your and your family's health!<\/p>\r\n<p class=\"btn btn-white btn-lg\">Shop now<\/p>\r\n<\/div>","id":"1"}},{"entity":{"id_item":"8","id_extra_slider":"1","type":"banner","id_content":"2","position":"0"},"info":{"id_extra_banner":"2","specific_class":"slide-type-1 right","id_lang":"1","name":"Slide 2","img":"n2aDiOzjoIfj86LB.jpg","link":"index.php?id_category=13&controller=category","content":"<div class=\"wrapper\">\r\n<h3>Disposable<br \/>Masks<\/h3>\r\n<p>Don't miss your special offer!<\/p>\r\n<p class=\"btn btn-white btn-lg\">Shop now<\/p>\r\n<\/div>","id":"2"}},{"entity":{"id_item":"9","id_extra_slider":"1","type":"banner","id_content":"3","position":"0"},"info":{"id_extra_banner":"3","specific_class":"slide-type-1","id_lang":"1","name":"Slide 3","img":"NL8FWDpGheo8MAo7.jpg","link":"index.php?id_category=14&controller=category","content":"<div class=\"wrapper\">\r\n<h3 class=\"text-primary\">New<br \/>collection<\/h3>\r\n<p class=\"text-primary\">Surgical Equipment<\/p>\r\n<p class=\"btn btn-white btn-lg\">Shop now<\/p>\r\n<\/div>","id":"3"}}]},"de":{"id_extra_slider":"1","specific_class":"slider-type-1","visible_items":"1","items_scroll":"1","margin":"0","speed":"500","auto_scroll":"1","pause":"3000","loop":"1","pager":"1","controls":"1","auto_height":"0","id_lang":"2","name":"Slider top","content":null,"slides":[{"entity":{"id_item":"7","id_extra_slider":"1","type":"banner","id_content":"1","position":"0"},"info":{"id_extra_banner":"1","specific_class":"slide-type-1 left","id_lang":"2","name":"Slide 1","img":"0es6FbvIUgs2ZWV2.jpg","link":"index.php?id_category=12&controller=category","content":"<div class=\"wrapper\">\r\n<h3>stay healthy <br \/> stay safe<\/h3>\r\n<p>Save your and your family's health!<\/p>\r\n<p class=\"btn btn-white btn-lg\">Shop now<\/p>\r\n<\/div>","id":"1"}},{"entity":{"id_item":"8","id_extra_slider":"1","type":"banner","id_content":"2","position":"0"},"info":{"id_extra_banner":"2","specific_class":"slide-type-1 right","id_lang":"2","name":"Slide 2","img":"n2aDiOzjoIfj86LB.jpg","link":"index.php?id_category=13&controller=category","content":"<div class=\"wrapper\">\r\n<h3>Disposable<br \/>Masks<\/h3>\r\n<p>Don't miss your special offer!<\/p>\r\n<p class=\"btn btn-white btn-lg\">Shop now<\/p>\r\n<\/div>","id":"2"}},{"entity":{"id_item":"9","id_extra_slider":"1","type":"banner","id_content":"3","position":"0"},"info":{"id_extra_banner":"3","specific_class":"slide-type-1","id_lang":"2","name":"Slide 3","img":"NL8FWDpGheo8MAo7.jpg","link":"index.php?id_category=14&controller=category","content":"<div class=\"wrapper\">\r\n<h3 class=\"text-primary\">New<br \/>collection<\/h3>\r\n<p class=\"text-primary\">Surgical Equipment<\/p>\r\n<p class=\"btn btn-white btn-lg\">Shop now<\/p>\r\n<\/div>","id":"3"}}]},"ru":{"id_extra_slider":"1","specific_class":"slider-type-1","visible_items":"1","items_scroll":"1","margin":"0","speed":"500","auto_scroll":"1","pause":"3000","loop":"1","pager":"1","controls":"1","auto_height":"0","id_lang":"3","name":"Slider top","content":null,"slides":[{"entity":{"id_item":"7","id_extra_slider":"1","type":"banner","id_content":"1","position":"0"},"info":{"id_extra_banner":"1","specific_class":"slide-type-1 left","id_lang":"3","name":"Slide 1","img":"0es6FbvIUgs2ZWV2.jpg","link":"index.php?id_category=12&controller=category","content":"<div class=\"wrapper\">\r\n<h3>stay healthy <br \/> stay safe<\/h3>\r\n<p>Save your and your family's health!<\/p>\r\n<p class=\"btn btn-white btn-lg\">Shop now<\/p>\r\n<\/div>","id":"1"}},{"entity":{"id_item":"8","id_extra_slider":"1","type":"banner","id_content":"2","position":"0"},"info":{"id_extra_banner":"2","specific_class":"slide-type-1 right","id_lang":"3","name":"Slide 2","img":"n2aDiOzjoIfj86LB.jpg","link":"index.php?id_category=13&controller=category","content":"<div class=\"wrapper\">\r\n<h3>Disposable<br \/>Masks<\/h3>\r\n<p>Don't miss your special offer!<\/p>\r\n<p class=\"btn btn-white btn-lg\">Shop now<\/p>\r\n<\/div>","id":"2"}},{"entity":{"id_item":"9","id_extra_slider":"1","type":"banner","id_content":"3","position":"0"},"info":{"id_extra_banner":"3","specific_class":"slide-type-1","id_lang":"3","name":"Slide 3","img":"NL8FWDpGheo8MAo7.jpg","link":"index.php?id_category=14&controller=category","content":"<div class=\"wrapper\">\r\n<h3 class=\"text-primary\">New<br \/>collection<\/h3>\r\n<p class=\"text-primary\">Surgical Equipment<\/p>\r\n<p class=\"btn btn-white btn-lg\">Shop now<\/p>\r\n<\/div>","id":"3"}}]},"es":{"id_extra_slider":"1","specific_class":"slider-type-1","visible_items":"1","items_scroll":"1","margin":"0","speed":"500","auto_scroll":"1","pause":"3000","loop":"1","pager":"1","controls":"1","auto_height":"0","id_lang":"4","name":"Slider top","content":null,"slides":[{"entity":{"id_item":"7","id_extra_slider":"1","type":"banner","id_content":"1","position":"0"},"info":{"id_extra_banner":"1","specific_class":"slide-type-1 left","id_lang":"4","name":"Slide 1","img":"0es6FbvIUgs2ZWV2.jpg","link":"index.php?id_category=12&controller=category","content":"<div class=\"wrapper\">\r\n<h3>stay healthy <br \/> stay safe<\/h3>\r\n<p>Save your and your family's health!<\/p>\r\n<p class=\"btn btn-white btn-lg\">Shop now<\/p>\r\n<\/div>","id":"1"}},{"entity":{"id_item":"8","id_extra_slider":"1","type":"banner","id_content":"2","position":"0"},"info":{"id_extra_banner":"2","specific_class":"slide-type-1 right","id_lang":"4","name":"Slide 2","img":"n2aDiOzjoIfj86LB.jpg","link":"index.php?id_category=13&controller=category","content":"<div class=\"wrapper\">\r\n<h3>Disposable<br \/>Masks<\/h3>\r\n<p>Don't miss your special offer!<\/p>\r\n<p class=\"btn btn-white btn-lg\">Shop now<\/p>\r\n<\/div>","id":"2"}},{"entity":{"id_item":"9","id_extra_slider":"1","type":"banner","id_content":"3","position":"0"},"info":{"id_extra_banner":"3","specific_class":"slide-type-1","id_lang":"4","name":"Slide 3","img":"NL8FWDpGheo8MAo7.jpg","link":"index.php?id_category=14&controller=category","content":"<div class=\"wrapper\">\r\n<h3 class=\"text-primary\">New<br \/>collection<\/h3>\r\n<p class=\"text-primary\">Surgical Equipment<\/p>\r\n<p class=\"btn btn-white btn-lg\">Shop now<\/p>\r\n<\/div>","id":"3"}}]},"fr":{"id_extra_slider":"1","specific_class":"slider-type-1","visible_items":"1","items_scroll":"1","margin":"0","speed":"500","auto_scroll":"1","pause":"3000","loop":"1","pager":"1","controls":"1","auto_height":"0","id_lang":"5","name":"Slider top","content":null,"slides":[{"entity":{"id_item":"7","id_extra_slider":"1","type":"banner","id_content":"1","position":"0"},"info":{"id_extra_banner":"1","specific_class":"slide-type-1 left","id_lang":"5","name":"Slide 1","img":"0es6FbvIUgs2ZWV2.jpg","link":"index.php?id_category=12&controller=category","content":"<div class=\"wrapper\">\r\n<h3>stay healthy <br \/> stay safe<\/h3>\r\n<p>Save your and your family's health!<\/p>\r\n<p class=\"btn btn-white btn-lg\">Shop now<\/p>\r\n<\/div>","id":"1"}},{"entity":{"id_item":"8","id_extra_slider":"1","type":"banner","id_content":"2","position":"0"},"info":{"id_extra_banner":"2","specific_class":"slide-type-1 right","id_lang":"5","name":"Slide 2","img":"n2aDiOzjoIfj86LB.jpg","link":"index.php?id_category=13&controller=category","content":"<div class=\"wrapper\">\r\n<h3>Disposable<br \/>Masks<\/h3>\r\n<p>Don't miss your special offer!<\/p>\r\n<p class=\"btn btn-white btn-lg\">Shop now<\/p>\r\n<\/div>","id":"2"}},{"entity":{"id_item":"9","id_extra_slider":"1","type":"banner","id_content":"3","position":"0"},"info":{"id_extra_banner":"3","specific_class":"slide-type-1","id_lang":"5","name":"Slide 3","img":"NL8FWDpGheo8MAo7.jpg","link":"index.php?id_category=14&controller=category","content":"<div class=\"wrapper\">\r\n<h3 class=\"text-primary\">New<br \/>collection<\/h3>\r\n<p class=\"text-primary\">Surgical Equipment<\/p>\r\n<p class=\"btn btn-white btn-lg\">Shop now<\/p>\r\n<\/div>","id":"3"}}]}},"slides":[{"id_item":"7","id_extra_slider":"1","type":"banner","id_content":"1","position":"0"},{"id_item":"8","id_extra_slider":"1","type":"banner","id_content":"2","position":"0"},{"id_item":"9","id_extra_slider":"1","type":"banner","id_content":"3","position":"0"}]},"2":{"default":{"id_extra_slider":"2","specific_class":"slider-type-1","visible_items":"1","items_scroll":"1","margin":"0","speed":"500","auto_scroll":"1","pause":"5000","loop":"1","pager":"1","controls":"1","auto_height":"0","id_lang":"1","name":"Slider top2","content":null,"slides":[{"entity":{"id_item":"16","id_extra_slider":"2","type":"banner","id_content":"12","position":"0"},"info":{"id_extra_banner":"12","specific_class":"slide-type-1 left","id_lang":"1","name":"Slide 4","img":"P85vxzVCQ3hgHuVY.png","link":"index.php?id_category=12&controller=category","content":"<div class=\"wrapper\">\n<h3>Medical Equipment Store<\/h3>\n<p>Find everything for your medical equipment needs<\/p>\n<p class=\"btn btn-white btn-lg\">Shop now<\/p>\n<\/div>","id":"12"}},{"entity":{"id_item":"17","id_extra_slider":"2","type":"banner","id_content":"13","position":"0"},"info":{"id_extra_banner":"13","specific_class":"slide-type-1 left color","id_lang":"1","name":"Slide 5","img":"gRtYymc6pnR5JaMd.png","link":"index.php?id_category=13&controller=category","content":"<div class=\"wrapper\">\n<h3>disposable masks<\/h3>\n<p>Don't miss your special offer!<\/p>\n<p class=\"btn btn-white btn-lg\">Shop now<\/p>\n<\/div>","id":"13"}},{"entity":{"id_item":"18","id_extra_slider":"2","type":"banner","id_content":"3","position":"0"},"info":{"id_extra_banner":"3","specific_class":"slide-type-1","id_lang":"1","name":"Slide 3","img":"NL8FWDpGheo8MAo7.jpg","link":"index.php?id_category=14&controller=category","content":"<div class=\"wrapper\">\r\n<h3 class=\"text-primary\">New<br \/>collection<\/h3>\r\n<p class=\"text-primary\">Surgical Equipment<\/p>\r\n<p class=\"btn btn-white btn-lg\">Shop now<\/p>\r\n<\/div>","id":"3"}}]},"languages":{"en":{"id_extra_slider":"2","specific_class":"slider-type-1","visible_items":"1","items_scroll":"1","margin":"0","speed":"500","auto_scroll":"1","pause":"5000","loop":"1","pager":"1","controls":"1","auto_height":"0","id_lang":"1","name":"Slider top2","content":null,"slides":[{"entity":{"id_item":"16","id_extra_slider":"2","type":"banner","id_content":"12","position":"0"},"info":{"id_extra_banner":"12","specific_class":"slide-type-1 left","id_lang":"1","name":"Slide 4","img":"P85vxzVCQ3hgHuVY.png","link":"index.php?id_category=12&controller=category","content":"<div class=\"wrapper\">\n<h3>Medical Equipment Store<\/h3>\n<p>Find everything for your medical equipment needs<\/p>\n<p class=\"btn btn-white btn-lg\">Shop now<\/p>\n<\/div>","id":"12"}},{"entity":{"id_item":"17","id_extra_slider":"2","type":"banner","id_content":"13","position":"0"},"info":{"id_extra_banner":"13","specific_class":"slide-type-1 left color","id_lang":"1","name":"Slide 5","img":"gRtYymc6pnR5JaMd.png","link":"index.php?id_category=13&controller=category","content":"<div class=\"wrapper\">\n<h3>disposable masks<\/h3>\n<p>Don't miss your special offer!<\/p>\n<p class=\"btn btn-white btn-lg\">Shop now<\/p>\n<\/div>","id":"13"}},{"entity":{"id_item":"18","id_extra_slider":"2","type":"banner","id_content":"3","position":"0"},"info":{"id_extra_banner":"3","specific_class":"slide-type-1","id_lang":"1","name":"Slide 3","img":"NL8FWDpGheo8MAo7.jpg","link":"index.php?id_category=14&controller=category","content":"<div class=\"wrapper\">\r\n<h3 class=\"text-primary\">New<br \/>collection<\/h3>\r\n<p class=\"text-primary\">Surgical Equipment<\/p>\r\n<p class=\"btn btn-white btn-lg\">Shop now<\/p>\r\n<\/div>","id":"3"}}]},"de":{"id_extra_slider":"2","specific_class":"slider-type-1","visible_items":"1","items_scroll":"1","margin":"0","speed":"500","auto_scroll":"1","pause":"5000","loop":"1","pager":"1","controls":"1","auto_height":"0","id_lang":"2","name":"Slider top2","content":null,"slides":[{"entity":{"id_item":"16","id_extra_slider":"2","type":"banner","id_content":"12","position":"0"},"info":{"id_extra_banner":"12","specific_class":"slide-type-1 left","id_lang":"2","name":"Slide 4","img":"UbQro5jdE561uWki.png","link":"index.php?id_category=12&controller=category","content":"<div class=\"wrapper\">\n<h3>Medical Equipment Store<\/h3>\n<p>Find everything for your medical equipment needs<\/p>\n<p class=\"btn btn-white btn-lg\">Shop now<\/p>\n<\/div>","id":"12"}},{"entity":{"id_item":"17","id_extra_slider":"2","type":"banner","id_content":"13","position":"0"},"info":{"id_extra_banner":"13","specific_class":"slide-type-1 left color","id_lang":"2","name":"Slide 5","img":"WG2VCGYw0th0c1IR.png","link":"index.php?id_category=13&controller=category","content":"<div class=\"wrapper\">\n<h3>disposable masks<\/h3>\n<p>Don't miss your special offer!<\/p>\n<p class=\"btn btn-white btn-lg\">Shop now<\/p>\n<\/div>","id":"13"}},{"entity":{"id_item":"18","id_extra_slider":"2","type":"banner","id_content":"3","position":"0"},"info":{"id_extra_banner":"3","specific_class":"slide-type-1","id_lang":"2","name":"Slide 3","img":"NL8FWDpGheo8MAo7.jpg","link":"index.php?id_category=14&controller=category","content":"<div class=\"wrapper\">\r\n<h3 class=\"text-primary\">New<br \/>collection<\/h3>\r\n<p class=\"text-primary\">Surgical Equipment<\/p>\r\n<p class=\"btn btn-white btn-lg\">Shop now<\/p>\r\n<\/div>","id":"3"}}]},"ru":{"id_extra_slider":"2","specific_class":"slider-type-1","visible_items":"1","items_scroll":"1","margin":"0","speed":"500","auto_scroll":"1","pause":"5000","loop":"1","pager":"1","controls":"1","auto_height":"0","id_lang":"3","name":"Slider top2","content":null,"slides":[{"entity":{"id_item":"16","id_extra_slider":"2","type":"banner","id_content":"12","position":"0"},"info":{"id_extra_banner":"12","specific_class":"slide-type-1 left","id_lang":"3","name":"Slide 4","img":"6VVrBGsO59IA28fr.png","link":"index.php?id_category=12&controller=category","content":"<div class=\"wrapper\">\n<h3>Medical Equipment Store<\/h3>\n<p>Find everything for your medical equipment needs<\/p>\n<p class=\"btn btn-white btn-lg\">Shop now<\/p>\n<\/div>","id":"12"}},{"entity":{"id_item":"17","id_extra_slider":"2","type":"banner","id_content":"13","position":"0"},"info":{"id_extra_banner":"13","specific_class":"slide-type-1 left color","id_lang":"3","name":"Slide 5","img":"wsSzNwA0OB5N3ddp.png","link":"index.php?id_category=13&controller=category","content":"<div class=\"wrapper\">\n<h3>disposable masks<\/h3>\n<p>Don't miss your special offer!<\/p>\n<p class=\"btn btn-white btn-lg\">Shop now<\/p>\n<\/div>","id":"13"}},{"entity":{"id_item":"18","id_extra_slider":"2","type":"banner","id_content":"3","position":"0"},"info":{"id_extra_banner":"3","specific_class":"slide-type-1","id_lang":"3","name":"Slide 3","img":"NL8FWDpGheo8MAo7.jpg","link":"index.php?id_category=14&controller=category","content":"<div class=\"wrapper\">\r\n<h3 class=\"text-primary\">New<br \/>collection<\/h3>\r\n<p class=\"text-primary\">Surgical Equipment<\/p>\r\n<p class=\"btn btn-white btn-lg\">Shop now<\/p>\r\n<\/div>","id":"3"}}]},"es":{"id_extra_slider":"2","specific_class":"slider-type-1","visible_items":"1","items_scroll":"1","margin":"0","speed":"500","auto_scroll":"1","pause":"5000","loop":"1","pager":"1","controls":"1","auto_height":"0","id_lang":"4","name":"Slider top2","content":null,"slides":[{"entity":{"id_item":"16","id_extra_slider":"2","type":"banner","id_content":"12","position":"0"},"info":{"id_extra_banner":"12","specific_class":"slide-type-1 left","id_lang":"4","name":"Slide 4","img":"7gkJ0aqBItE0ydbc.png","link":"index.php?id_category=12&controller=category","content":"<div class=\"wrapper\">\n<h3>Medical Equipment Store<\/h3>\n<p>Find everything for your medical equipment needs<\/p>\n<p class=\"btn btn-white btn-lg\">Shop now<\/p>\n<\/div>","id":"12"}},{"entity":{"id_item":"17","id_extra_slider":"2","type":"banner","id_content":"13","position":"0"},"info":{"id_extra_banner":"13","specific_class":"slide-type-1 left color","id_lang":"4","name":"Slide 5","img":"qrpB9EEAYcb3kT9r.png","link":"index.php?id_category=13&controller=category","content":"<div class=\"wrapper\">\n<h3>disposable masks<\/h3>\n<p>Don't miss your special offer!<\/p>\n<p class=\"btn btn-white btn-lg\">Shop now<\/p>\n<\/div>","id":"13"}},{"entity":{"id_item":"18","id_extra_slider":"2","type":"banner","id_content":"3","position":"0"},"info":{"id_extra_banner":"3","specific_class":"slide-type-1","id_lang":"4","name":"Slide 3","img":"NL8FWDpGheo8MAo7.jpg","link":"index.php?id_category=14&controller=category","content":"<div class=\"wrapper\">\r\n<h3 class=\"text-primary\">New<br \/>collection<\/h3>\r\n<p class=\"text-primary\">Surgical Equipment<\/p>\r\n<p class=\"btn btn-white btn-lg\">Shop now<\/p>\r\n<\/div>","id":"3"}}]},"fr":{"id_extra_slider":"2","specific_class":"slider-type-1","visible_items":"1","items_scroll":"1","margin":"0","speed":"500","auto_scroll":"1","pause":"5000","loop":"1","pager":"1","controls":"1","auto_height":"0","id_lang":"5","name":"Slider top2","content":null,"slides":[{"entity":{"id_item":"16","id_extra_slider":"2","type":"banner","id_content":"12","position":"0"},"info":{"id_extra_banner":"12","specific_class":"slide-type-1 left","id_lang":"5","name":"Slide 4","img":"u21JWucnI8SdOdOd.png","link":"index.php?id_category=12&controller=category","content":"<div class=\"wrapper\">\n<h3>Medical Equipment Store<\/h3>\n<p>Find everything for your medical equipment needs<\/p>\n<p class=\"btn btn-white btn-lg\">Shop now<\/p>\n<\/div>","id":"12"}},{"entity":{"id_item":"17","id_extra_slider":"2","type":"banner","id_content":"13","position":"0"},"info":{"id_extra_banner":"13","specific_class":"slide-type-1 left color","id_lang":"5","name":"Slide 5","img":"K7Fku90Ey8pfMj5R.png","link":"index.php?id_category=13&controller=category","content":"<div class=\"wrapper\">\n<h3>disposable masks<\/h3>\n<p>Don't miss your special offer!<\/p>\n<p class=\"btn btn-white btn-lg\">Shop now<\/p>\n<\/div>","id":"13"}},{"entity":{"id_item":"18","id_extra_slider":"2","type":"banner","id_content":"3","position":"0"},"info":{"id_extra_banner":"3","specific_class":"slide-type-1","id_lang":"5","name":"Slide 3","img":"NL8FWDpGheo8MAo7.jpg","link":"index.php?id_category=14&controller=category","content":"<div class=\"wrapper\">\r\n<h3 class=\"text-primary\">New<br \/>collection<\/h3>\r\n<p class=\"text-primary\">Surgical Equipment<\/p>\r\n<p class=\"btn btn-white btn-lg\">Shop now<\/p>\r\n<\/div>","id":"3"}}]}},"slides":[{"id_item":"16","id_extra_slider":"2","type":"banner","id_content":"12","position":"0"},{"id_item":"17","id_extra_slider":"2","type":"banner","id_content":"13","position":"0"},{"id_item":"18","id_extra_slider":"2","type":"banner","id_content":"3","position":"0"}]},"3":{"default":{"id_extra_slider":"3","specific_class":"slider-type-1 light-controls","visible_items":"1","items_scroll":"1","margin":"0","speed":"500","auto_scroll":"1","pause":"5000","loop":"1","pager":"1","controls":"0","auto_height":"1","id_lang":"1","name":"Slider top3","content":null,"slides":[{"entity":{"id_item":"33","id_extra_slider":"3","type":"banner","id_content":"22","position":"0"},"info":{"id_extra_banner":"22","specific_class":"slide-type-1 left","id_lang":"1","name":"Slide 7","img":"OAZHMtCz5MYma6Cf.png","link":"index.php?id_category=12&controller=category","content":"<div class=\"wrapper\">\n<h3>save <span class=\"text-shadow\">10% <\/span><\/h3>\n<h4>for medical equipment<\/h4>\n<p>Save your and your family's health!<\/p>\n<p class=\"btn btn-white btn-lg\">Shop now<\/p>\n<\/div>","id":"22"}},{"entity":{"id_item":"34","id_extra_slider":"3","type":"banner","id_content":"23","position":"0"},"info":{"id_extra_banner":"23","specific_class":"slide-type-1 left","id_lang":"1","name":"Slide 8","img":"tyVpmfg7xV7GgUb5.png","link":"index.php?id_category=12&controller=category","content":"<div class=\"wrapper\">\n<h3>stay healthy <br \/> stay safe<\/h3>\n<p>Save your and your family's health!<\/p>\n<p class=\"btn btn-white btn-lg\">Shop now<\/p>\n<\/div>","id":"23"}},{"entity":{"id_item":"35","id_extra_slider":"3","type":"banner","id_content":"24","position":"0"},"info":{"id_extra_banner":"24","specific_class":"slide-type-1 left","id_lang":"1","name":"Slider 9","img":"AdtjTi3RSQRYz8kH.png","link":"index.php?id_category=12&controller=category","content":"<div class=\"wrapper\">\n<h3>disposable<br \/> masks<\/h3>\n<p>Don't miss your special offer!<\/p>\n<p class=\"btn btn-white btn-lg\">Shop now<\/p>\n<\/div>","id":"24"}}]},"languages":{"en":{"id_extra_slider":"3","specific_class":"slider-type-1 light-controls","visible_items":"1","items_scroll":"1","margin":"0","speed":"500","auto_scroll":"1","pause":"5000","loop":"1","pager":"1","controls":"0","auto_height":"1","id_lang":"1","name":"Slider top3","content":null,"slides":[{"entity":{"id_item":"33","id_extra_slider":"3","type":"banner","id_content":"22","position":"0"},"info":{"id_extra_banner":"22","specific_class":"slide-type-1 left","id_lang":"1","name":"Slide 7","img":"OAZHMtCz5MYma6Cf.png","link":"index.php?id_category=12&controller=category","content":"<div class=\"wrapper\">\n<h3>save <span class=\"text-shadow\">10% <\/span><\/h3>\n<h4>for medical equipment<\/h4>\n<p>Save your and your family's health!<\/p>\n<p class=\"btn btn-white btn-lg\">Shop now<\/p>\n<\/div>","id":"22"}},{"entity":{"id_item":"34","id_extra_slider":"3","type":"banner","id_content":"23","position":"0"},"info":{"id_extra_banner":"23","specific_class":"slide-type-1 left","id_lang":"1","name":"Slide 8","img":"tyVpmfg7xV7GgUb5.png","link":"index.php?id_category=12&controller=category","content":"<div class=\"wrapper\">\n<h3>stay healthy <br \/> stay safe<\/h3>\n<p>Save your and your family's health!<\/p>\n<p class=\"btn btn-white btn-lg\">Shop now<\/p>\n<\/div>","id":"23"}},{"entity":{"id_item":"35","id_extra_slider":"3","type":"banner","id_content":"24","position":"0"},"info":{"id_extra_banner":"24","specific_class":"slide-type-1 left","id_lang":"1","name":"Slider 9","img":"AdtjTi3RSQRYz8kH.png","link":"index.php?id_category=12&controller=category","content":"<div class=\"wrapper\">\n<h3>disposable<br \/> masks<\/h3>\n<p>Don't miss your special offer!<\/p>\n<p class=\"btn btn-white btn-lg\">Shop now<\/p>\n<\/div>","id":"24"}}]},"de":{"id_extra_slider":"3","specific_class":"slider-type-1 light-controls","visible_items":"1","items_scroll":"1","margin":"0","speed":"500","auto_scroll":"1","pause":"5000","loop":"1","pager":"1","controls":"0","auto_height":"1","id_lang":"2","name":"Slider top3","content":null,"slides":[{"entity":{"id_item":"33","id_extra_slider":"3","type":"banner","id_content":"22","position":"0"},"info":{"id_extra_banner":"22","specific_class":"slide-type-1 left","id_lang":"2","name":"Slide 7","img":"PwW6eRS6Thnqx52a.png","link":"index.php?id_category=12&controller=category","content":"<div class=\"wrapper\">\n<h3>save <span class=\"text-shadow\">10% <\/span><\/h3>\n<h4>for medical equipment<\/h4>\n<p>Save your and your family's health!<\/p>\n<p class=\"btn btn-white btn-lg\">Shop now<\/p>\n<\/div>","id":"22"}},{"entity":{"id_item":"34","id_extra_slider":"3","type":"banner","id_content":"23","position":"0"},"info":{"id_extra_banner":"23","specific_class":"slide-type-1 left","id_lang":"2","name":"Slide 8","img":"WL0yk7dqTLIx9FpP.png","link":"index.php?id_category=12&controller=category","content":"<div class=\"wrapper\">\n<h3>stay healthy <br \/> stay safe<\/h3>\n<p>Save your and your family's health!<\/p>\n<p class=\"btn btn-white btn-lg\">Shop now<\/p>\n<\/div>","id":"23"}},{"entity":{"id_item":"35","id_extra_slider":"3","type":"banner","id_content":"24","position":"0"},"info":{"id_extra_banner":"24","specific_class":"slide-type-1 left","id_lang":"2","name":"Slider 9","img":"3DX2fsvCekPeTDF0.png","link":"index.php?id_category=12&controller=category","content":"<div class=\"wrapper\">\n<h3>disposable<br \/> masks<\/h3>\n<p>Don't miss your special offer!<\/p>\n<p class=\"btn btn-white btn-lg\">Shop now<\/p>\n<\/div>","id":"24"}}]},"ru":{"id_extra_slider":"3","specific_class":"slider-type-1 light-controls","visible_items":"1","items_scroll":"1","margin":"0","speed":"500","auto_scroll":"1","pause":"5000","loop":"1","pager":"1","controls":"0","auto_height":"1","id_lang":"3","name":"Slider top3","content":null,"slides":[{"entity":{"id_item":"33","id_extra_slider":"3","type":"banner","id_content":"22","position":"0"},"info":{"id_extra_banner":"22","specific_class":"slide-type-1 left","id_lang":"3","name":"Slide 7","img":"EZZjbz7BSLg2qXBW.png","link":"index.php?id_category=12&controller=category","content":"<div class=\"wrapper\">\n<h3>save <span class=\"text-shadow\">10% <\/span><\/h3>\n<h4>for medical equipment<\/h4>\n<p>Save your and your family's health!<\/p>\n<p class=\"btn btn-white btn-lg\">Shop now<\/p>\n<\/div>","id":"22"}},{"entity":{"id_item":"34","id_extra_slider":"3","type":"banner","id_content":"23","position":"0"},"info":{"id_extra_banner":"23","specific_class":"slide-type-1 left","id_lang":"3","name":"Slide 8","img":"CukEHmLNtR77H0ba.png","link":"index.php?id_category=12&controller=category","content":"<div class=\"wrapper\">\n<h3>stay healthy <br \/> stay safe<\/h3>\n<p>Save your and your family's health!<\/p>\n<p class=\"btn btn-white btn-lg\">Shop now<\/p>\n<\/div>","id":"23"}},{"entity":{"id_item":"35","id_extra_slider":"3","type":"banner","id_content":"24","position":"0"},"info":{"id_extra_banner":"24","specific_class":"slide-type-1 left","id_lang":"3","name":"Slider 9","img":"2jK2I9aaD84Q8Rrj.png","link":"index.php?id_category=12&controller=category","content":"<div class=\"wrapper\">\n<h3>disposable<br \/> masks<\/h3>\n<p>Don't miss your special offer!<\/p>\n<p class=\"btn btn-white btn-lg\">Shop now<\/p>\n<\/div>","id":"24"}}]},"es":{"id_extra_slider":"3","specific_class":"slider-type-1 light-controls","visible_items":"1","items_scroll":"1","margin":"0","speed":"500","auto_scroll":"1","pause":"5000","loop":"1","pager":"1","controls":"0","auto_height":"1","id_lang":"4","name":"Slider top3","content":null,"slides":[{"entity":{"id_item":"33","id_extra_slider":"3","type":"banner","id_content":"22","position":"0"},"info":{"id_extra_banner":"22","specific_class":"slide-type-1 left","id_lang":"4","name":"Slide 7","img":"UXABUjQWafrOx2IK.png","link":"index.php?id_category=12&controller=category","content":"<div class=\"wrapper\">\n<h3>save <span class=\"text-shadow\">10% <\/span><\/h3>\n<h4>for medical equipment<\/h4>\n<p>Save your and your family's health!<\/p>\n<p class=\"btn btn-white btn-lg\">Shop now<\/p>\n<\/div>","id":"22"}},{"entity":{"id_item":"34","id_extra_slider":"3","type":"banner","id_content":"23","position":"0"},"info":{"id_extra_banner":"23","specific_class":"slide-type-1 left","id_lang":"4","name":"Slide 8","img":"bfNhUVr2WrhHRuDy.png","link":"index.php?id_category=12&controller=category","content":"<div class=\"wrapper\">\n<h3>stay healthy <br \/> stay safe<\/h3>\n<p>Save your and your family's health!<\/p>\n<p class=\"btn btn-white btn-lg\">Shop now<\/p>\n<\/div>","id":"23"}},{"entity":{"id_item":"35","id_extra_slider":"3","type":"banner","id_content":"24","position":"0"},"info":{"id_extra_banner":"24","specific_class":"slide-type-1 left","id_lang":"4","name":"Slider 9","img":"2i2zo26fhi7tF9Jb.png","link":"index.php?id_category=12&controller=category","content":"<div class=\"wrapper\">\n<h3>disposable<br \/> masks<\/h3>\n<p>Don't miss your special offer!<\/p>\n<p class=\"btn btn-white btn-lg\">Shop now<\/p>\n<\/div>","id":"24"}}]},"fr":{"id_extra_slider":"3","specific_class":"slider-type-1 light-controls","visible_items":"1","items_scroll":"1","margin":"0","speed":"500","auto_scroll":"1","pause":"5000","loop":"1","pager":"1","controls":"0","auto_height":"1","id_lang":"5","name":"Slider top3","content":null,"slides":[{"entity":{"id_item":"33","id_extra_slider":"3","type":"banner","id_content":"22","position":"0"},"info":{"id_extra_banner":"22","specific_class":"slide-type-1 left","id_lang":"5","name":"Slide 7","img":"MdpUbGOYVxuZaxmZ.png","link":"index.php?id_category=12&controller=category","content":"<div class=\"wrapper\">\n<h3>save <span class=\"text-shadow\">10% <\/span><\/h3>\n<h4>for medical equipment<\/h4>\n<p>Save your and your family's health!<\/p>\n<p class=\"btn btn-white btn-lg\">Shop now<\/p>\n<\/div>","id":"22"}},{"entity":{"id_item":"34","id_extra_slider":"3","type":"banner","id_content":"23","position":"0"},"info":{"id_extra_banner":"23","specific_class":"slide-type-1 left","id_lang":"5","name":"Slide 8","img":"no4pXa541qoTtK4m.png","link":"index.php?id_category=12&controller=category","content":"<div class=\"wrapper\">\n<h3>stay healthy <br \/> stay safe<\/h3>\n<p>Save your and your family's health!<\/p>\n<p class=\"btn btn-white btn-lg\">Shop now<\/p>\n<\/div>","id":"23"}},{"entity":{"id_item":"35","id_extra_slider":"3","type":"banner","id_content":"24","position":"0"},"info":{"id_extra_banner":"24","specific_class":"slide-type-1 left","id_lang":"5","name":"Slider 9","img":"CMMjoHEoseTMXoju.png","link":"index.php?id_category=12&controller=category","content":"<div class=\"wrapper\">\n<h3>disposable<br \/> masks<\/h3>\n<p>Don't miss your special offer!<\/p>\n<p class=\"btn btn-white btn-lg\">Shop now<\/p>\n<\/div>","id":"24"}}]}},"slides":[{"id_item":"33","id_extra_slider":"3","type":"banner","id_content":"22","position":"0"},{"id_item":"34","id_extra_slider":"3","type":"banner","id_content":"23","position":"0"},{"id_item":"35","id_extra_slider":"3","type":"banner","id_content":"24","position":"0"}]}}